open_datetime,close_datetime,spread_side,grid_level,entry_spread,take_profit_spread,xau_open_price,xau_open_direction,xaut_open_price,xaut_open_direction,xau_open_amount,xaut_open_amount,xau_close_price,xau_close_direction,xaut_close_price,xaut_close_direction,fee,pnl
2025-11-18 02:28:00,2025-11-18 03:00:00,LONG_SPREAD,5.0,5.0,8.0,4014.43,BUY,4009.36,SELL,48173.159999999996,48112.32,4015.93,SELL,4007.86,BUY,23.1085152,12.8914848
2025-11-18 03:26:00,2025-11-18 03:40:00,LONG_SPREAD,5.0,5.0,8.0,3999.17,BUY,3994.65,SELL,47990.04,47935.8,4000.67,SELL,3993.15,BUY,23.022201600000002,12.977798399999998
2025-11-18 00:39:00,2025-11-18 05:41:00,LONG_SPREAD,8.0,8.0,11.0,4026.51,BUY,4018.32,SELL,48318.12,48219.840000000004,4028.01,SELL,4016.82,BUY,23.1691104,12.830889599999999
2025-11-18 06:18:00,2025-11-18 08:42:00,SHORT_SPREAD,14.0,14.0,11.0,4007.87,SELL,3993.9399999999996,BUY,48094.44,47927.28,4006.37,BUY,3995.4399999999996,SELL,23.0452128,12.954787199999998
2025-11-18 15:36:00,2025-11-18 15:51:00,SHORT_SPREAD,14.0,14.0,11.0,4053.24,SELL,4039.21,BUY,48638.88,48470.520000000004,4051.74,BUY,4040.71,SELL,23.306256,12.693743999999999
2025-11-18 16:35:00,2025-11-18 16:46:00,SHORT_SPREAD,14.0,14.0,11.0,4050.59,SELL,4035.87,BUY,48607.08,48430.44,4049.09,BUY,4037.37,SELL,23.2890048,12.7109952
2025-11-19 00:31:00,2025-11-19 00:43:00,SHORT_SPREAD,14.0,14.0,11.0,4071.9,SELL,4057.21,BUY,48862.8,48686.520000000004,4070.4,BUY,4058.71,SELL,23.411836800000003,12.588163199999997
2025-11-19 08:14:00,2025-11-19 08:40:00,SHORT_SPREAD,14.0,14.0,11.0,4074.16,SELL,4060.2999999999997,BUY,48889.92,48723.6,4072.66,BUY,4061.7999999999997,SELL,23.4272448,12.5727552
2025-11-19 12:18:00,2025-11-19 14:01:00,SHORT_SPREAD,14.0,14.0,11.0,4106.75,SELL,4092.58,BUY,49281.0,49110.96,4105.25,BUY,4094.08,SELL,23.614070400000003,12.385929599999997
2025-11-19 15:16:00,2025-11-19 15:49:00,SHORT_SPREAD,14.0,14.0,11.0,4125.88,SELL,4111.26,BUY,49510.56,49335.12,4124.38,BUY,4112.76,SELL,23.722963200000002,12.277036799999998
2025-11-19 18:24:00,2025-11-19 18:54:00,SHORT_SPREAD,14.0,14.0,11.0,4073.57,SELL,4059.0099999999998,BUY,48882.840000000004,48708.119999999995,4072.07,BUY,4060.5099999999998,SELL,23.4218304,12.578169599999999
2025-11-19 23:56:00,2025-11-20 00:33:00,SHORT_SPREAD,14.0,14.0,11.0,4098.9,SELL,4084.95,BUY,49186.799999999996,49019.399999999994,4097.4,BUY,4086.45,SELL,23.569488,12.430512
2025-11-20 01:08:00,2025-11-20 01:24:00,SHORT_SPREAD,14.0,14.0,11.0,4098.55,SELL,4084.66,BUY,49182.600000000006,49015.92,4097.05,BUY,4086.16,SELL,23.567644800000004,12.432355199999996
2025-11-20 01:37:00,2025-11-20 02:17:00,SHORT_SPREAD,14.0,14.0,11.0,4082.68,SELL,4068.45,BUY,48992.159999999996,48821.399999999994,4081.18,BUY,4069.95,SELL,23.475254399999997,12.524745600000003
2025-11-20 03:14:00,2025-11-20 03:51:00,SHORT_SPREAD,14.0,14.0,11.0,4072.38,SELL,4058.54,BUY,48868.56,48702.479999999996,4070.88,BUY,4060.04,SELL,23.4170496,12.582950400000001
2025-11-22 11:30:00,2025-11-22 12:58:00,LONG_SPREAD,5.0,5.0,8.0,4058.21,BUY,4053.2000000000003,SELL,48698.520000000004,48638.4,4059.71,SELL,4051.7000000000003,BUY,23.3608608,12.639139199999999
2025-11-23 07:45:00,2025-11-23 23:01:00,LONG_SPREAD,5.0,5.0,8.0,4051.81,BUY,4046.77,SELL,48621.72,48561.24,4053.31,SELL,4045.27,BUY,23.323910400000003,12.676089599999997
2025-11-24 14:02:00,2025-11-24 16:22:00,SHORT_SPREAD,14.0,14.0,11.0,4075.01,SELL,4061.12,BUY,48900.12,48733.44,4073.51,BUY,4062.62,SELL,23.432054400000002,12.567945599999998
2025-11-24 18:30:00,2025-11-25 11:14:00,SHORT_SPREAD,14.0,14.0,11.0,4093.92,SELL,4079.71,BUY,49127.04,48956.520000000004,4092.42,BUY,4081.21,SELL,23.540054400000002,12.459945599999998
2025-11-25 17:27:00,2025-11-25 20:25:00,SHORT_SPREAD,14.0,14.0,11.0,4147.83,SELL,4133.679999999999,BUY,49773.96,49604.15999999999,4146.33,BUY,4135.179999999999,SELL,23.850748799999998,12.149251200000002
2025-11-26 04:47:00,2025-11-27 02:24:00,SHORT_SPREAD,14.0,14.0,11.0,4152.82,SELL,4138.92,BUY,49833.84,49667.04,4151.32,BUY,4140.42,SELL,23.880211199999998,12.119788800000002
2025-11-27 05:50:00,2025-11-27 15:56:00,SHORT_SPREAD,14.0,14.0,11.0,4141.82,SELL,4127.69,BUY,49701.84,49532.28,4140.32,BUY,4129.19,SELL,23.8161888,12.183811200000001
2025-11-27 23:13:00,2025-11-28 00:05:00,SHORT_SPREAD,14.0,14.0,11.0,4157.57,SELL,4143.67,BUY,49890.84,49724.04,4156.07,BUY,4145.17,SELL,23.9075712,12.0924288
2025-11-28 02:54:00,2025-12-01 05:24:00,SHORT_SPREAD,14.0,14.0,11.0,4186.0,SELL,4172.0199999999995,BUY,50232.0,50064.23999999999,4184.5,BUY,4173.5199999999995,SELL,24.071097599999998,11.928902400000002
2025-12-01 05:41:00,2025-12-01 05:56:00,SHORT_SPREAD,14.0,14.0,11.0,4228.32,SELL,4214.389999999999,BUY,50739.84,50572.67999999999,4226.82,BUY,4215.889999999999,SELL,24.315004799999997,11.684995200000003
2025-12-01 07:20:00,2025-12-02 09:17:00,SHORT_SPREAD,14.0,14.0,11.0,4234.92,SELL,4221.03,BUY,50819.04,50652.36,4233.42,BUY,4222.53,SELL,24.353136,11.646864
2025-12-03 16:56:00,2025-12-03 17:43:00,SHORT_SPREAD,14.0,14.0,11.0,4206.6,SELL,4192.79,BUY,50479.200000000004,50313.479999999996,4205.1,BUY,4194.29,SELL,24.1902432,11.809756799999999
2025-12-03 18:53:00,2025-12-03 22:40:00,SHORT_SPREAD,14.0,14.0,11.0,4205.51,SELL,4191.67,BUY,50466.12,50300.04,4204.01,BUY,4193.17,SELL,24.183878400000005,11.816121599999995
2025-12-07 18:25:00,2025-12-07 22:55:00,LONG_SPREAD,5.0,5.0,8.0,4206.62,BUY,4201.51,SELL,50479.44,50418.12,4208.12,SELL,4200.01,BUY,24.2154144,11.7845856
2025-12-10 03:48:00,2025-12-10 07:12:00,LONG_SPREAD,5.0,5.0,8.0,4209.15,BUY,4203.95,SELL,50509.799999999996,50447.399999999994,4210.65,SELL,4202.45,BUY,24.229727999999998,11.770272000000002
2025-12-12 03:16:00,2025-12-12 08:08:00,SHORT_SPREAD,14.0,14.0,11.0,4282.66,SELL,4268.71,BUY,51391.92,51224.520000000004,4281.16,BUY,4270.21,SELL,24.6279456,11.3720544
2025-12-12 15:26:00,2025-12-12 15:53:00,SHORT_SPREAD,14.0,14.0,11.0,4326.05,SELL,4311.55,BUY,51912.600000000006,51738.600000000006,4324.55,BUY,4313.05,SELL,24.876288000000002,11.123711999999998
2025-12-13 14:40:00,2025-12-13 23:11:00,SHORT_SPREAD,14.0,14.0,11.0,4313.43,SELL,4299.4,BUY,51761.16,51592.799999999996,4311.93,BUY,4300.9,SELL,24.8049504,11.1950496
2025-12-14 00:31:00,2025-12-14 02:48:00,SHORT_SPREAD,14.0,14.0,11.0,4316.74,SELL,4302.599999999999,BUY,51800.88,51631.2,4315.24,BUY,4304.099999999999,SELL,24.8236992,11.1763008
2025-12-14 07:26:00,2025-12-14 23:11:00,SHORT_SPREAD,14.0,14.0,11.0,4318.84,SELL,4304.5,BUY,51826.08,51654.0,4317.34,BUY,4306.0,SELL,24.8352192,11.164780799999999
2025-12-15 12:32:00,2025-12-15 16:01:00,SHORT_SPREAD,14.0,14.0,11.0,4359.95,SELL,4346.0,BUY,52319.399999999994,52152.0,4358.45,BUY,4347.5,SELL,25.073135999999998,10.926864000000002
2025-12-16 14:37:00,2025-12-16 15:24:00,SHORT_SPREAD,14.0,14.0,11.0,4338.99,SELL,4324.7,BUY,52067.88,51896.399999999994,4337.49,BUY,4326.2,SELL,24.951427199999998,11.048572800000002
2025-12-16 15:55:00,2025-12-16 21:17:00,SHORT_SPREAD,14.0,14.0,11.0,4336.42,SELL,4322.2,BUY,52037.04,51866.399999999994,4334.92,BUY,4323.7,SELL,24.9368256,11.063174400000001
2025-12-17 15:32:00,2025-12-17 17:53:00,SHORT_SPREAD,14.0,14.0,11.0,4357.95,SELL,4343.9,BUY,52295.399999999994,52126.799999999996,4356.45,BUY,4345.4,SELL,25.061327999999996,10.938672000000004
2025-12-17 20:47:00,2025-12-18 01:58:00,SHORT_SPREAD,14.0,14.0,11.0,4356.9,SELL,4342.2,BUY,52282.799999999996,52106.399999999994,4355.4,BUY,4343.7,SELL,25.053407999999997,10.946592000000003
2025-12-20 13:09:00,2025-12-21 02:33:00,LONG_SPREAD,5.0,5.0,8.0,4349.44,BUY,4344.3,SELL,52193.28,52131.600000000006,4350.94,SELL,4342.8,BUY,25.0379712,10.962028799999999
2025-12-21 12:42:00,2025-12-21 23:06:00,SHORT_SPREAD,14.0,14.0,11.0,4358.33,SELL,4344.4,BUY,52299.96,52132.799999999996,4356.83,BUY,4345.9,SELL,25.063862399999998,10.936137600000002
2025-12-22 02:16:00,2025-12-22 02:31:00,SHORT_SPREAD,14.0,14.0,11.0,4392.41,SELL,4378.599999999999,BUY,52708.92,52543.2,4390.91,BUY,4380.099999999999,SELL,25.260508799999997,10.739491200000003
2025-12-22 03:51:00,2025-12-22 04:28:00,SHORT_SPREAD,14.0,14.0,11.0,4406.86,SELL,4392.7,BUY,52882.31999999999,52712.399999999994,4405.36,BUY,4394.2,SELL,25.342732799999997,10.657267200000003
2025-12-22 06:05:00,2025-12-23 04:58:00,SHORT_SPREAD,14.0,14.0,11.0,4414.1,SELL,4400.2,BUY,52969.200000000004,52802.399999999994,4412.6,BUY,4401.7,SELL,25.385184000000002,10.614815999999998
2025-12-23 07:01:00,2025-12-23 13:11:00,SHORT_SPREAD,14.0,14.0,11.0,4497.18,SELL,4482.9,BUY,53966.16,53794.799999999996,4495.68,BUY,4484.4,SELL,25.8626304,10.1373696
2025-12-23 17:22:00,2025-12-24 02:16:00,SHORT_SPREAD,14.0,14.0,11.0,4492.3,SELL,4478.3,BUY,53907.600000000006,53739.600000000006,4490.8,BUY,4479.8,SELL,25.835328000000004,10.164671999999996
2025-12-24 03:00:00,2025-12-24 06:03:00,SHORT_SPREAD,14.0,14.0,11.0,4494.66,SELL,4480.599999999999,BUY,53935.92,53767.2,4493.16,BUY,4482.099999999999,SELL,25.8487488,10.1512512
2025-12-24 12:23:00,2025-12-24 13:24:00,SHORT_SPREAD,14.0,14.0,11.0,4511.15,SELL,4496.9,BUY,54133.799999999996,53962.799999999996,4509.65,BUY,4498.4,SELL,25.943184,10.056816000000001
2025-12-24 20:27:00,2025-12-25 03:44:00,SHORT_SPREAD,14.0,14.0,11.0,4496.2,SELL,4482.4,BUY,53954.399999999994,53788.799999999996,4494.7,BUY,4483.9,SELL,25.858368,10.141632000000001
2025-12-25 10:05:00,2025-12-26 01:06:00,SHORT_SPREAD,14.0,14.0,11.0,4498.21,SELL,4483.599999999999,BUY,53978.520000000004,53803.2,4496.71,BUY,4485.099999999999,SELL,25.867612800000003,10.132387199999997
2025-12-26 08:50:00,2025-12-27 01:08:00,SHORT_SPREAD,14.0,14.0,11.0,4536.29,SELL,4522.2,BUY,54435.479999999996,54266.399999999994,4534.79,BUY,4523.7,SELL,26.088451199999998,9.911548800000002
2025-12-27 06:16:00,2025-12-29 04:05:00,SHORT_SPREAD,14.0,14.0,11.0,4553.91,SELL,4539.0,BUY,54646.92,54468.0,4552.41,BUY,4540.5,SELL,26.1875808,9.8124192
2025-12-29 06:01:00,2025-12-29 08:58:00,SHORT_SPREAD,14.0,14.0,11.0,4519.98,SELL,4505.099999999999,BUY,54239.759999999995,54061.2,4518.48,BUY,4506.599999999999,SELL,25.992230399999997,10.007769600000003
2025-12-29 13:47:00,2025-12-29 14:16:00,SHORT_SPREAD,14.0,14.0,11.0,4441.5,SELL,4426.9,BUY,53298.0,53122.799999999996,4440.0,BUY,4428.4,SELL,25.540992,10.459008
2025-12-29 14:42:00,2025-12-29 14:46:00,SHORT_SPREAD,14.0,14.0,11.0,4384.7,SELL,4370.4,BUY,52616.399999999994,52444.799999999996,4383.2,BUY,4371.9,SELL,25.214687999999995,10.785312000000005
2025-12-29 15:22:00,2025-12-29 16:12:00,SHORT_SPREAD,14.0,14.0,11.0,4340.57,SELL,4325.4,BUY,52086.84,51904.799999999996,4339.07,BUY,4326.9,SELL,24.9579936,11.042006400000002
2025-12-29 17:13:00,2025-12-29 21:24:00,SHORT_SPREAD,14.0,14.0,11.0,4352.81,SELL,4338.7,BUY,52233.72,52064.399999999994,4351.31,BUY,4340.2,SELL,25.0315488,10.9684512
2025-12-29 22:19:00,2025-12-29 22:30:00,SHORT_SPREAD,14.0,14.0,11.0,4354.73,SELL,4340.8,BUY,52256.759999999995,52089.600000000006,4353.23,BUY,4342.3,SELL,25.043126400000002,10.956873599999998
2025-12-31 03:35:00,2025-12-31 04:44:00,LONG_SPREAD,5.0,5.0,8.0,4362.68,BUY,4357.7,SELL,52352.16,52292.399999999994,4364.18,SELL,4356.2,BUY,25.114694399999998,10.885305600000002
2025-12-31 05:03:00,2025-12-31 05:55:00,LONG_SPREAD,5.0,5.0,8.0,4347.06,BUY,4342.0,SELL,52164.72,52104.0,4348.56,SELL,4340.5,BUY,25.0244928,10.9755072
2025-12-31 06:17:00,2025-12-31 06:57:00,LONG_SPREAD,5.0,5.0,8.0,4310.28,BUY,4305.400000000001,SELL,51723.36,51664.8,4311.78,SELL,4303.900000000001,BUY,24.813158400000003,11.186841599999997
2026-01-01 01:18:00,2026-01-01 03:56:00,LONG_SPREAD,5.0,5.0,8.0,4338.44,BUY,4333.3,SELL,52061.28,51999.600000000006,4339.94,SELL,4331.8,BUY,24.974611200000002,11.025388799999998
2026-01-01 04:25:00,2026-01-01 07:05:00,LONG_SPREAD,5.0,5.0,8.0,4341.79,BUY,4336.900000000001,SELL,52101.479999999996,52042.8,4343.29,SELL,4335.400000000001,BUY,24.9946272,11.0053728
2026-01-01 10:04:00,2026-01-01 12:01:00,LONG_SPREAD,5.0,5.0,8.0,4343.65,BUY,4338.7,SELL,52123.799999999996,52064.399999999994,4345.15,SELL,4337.2,BUY,25.005167999999998,10.994832000000002
2026-01-01 21:28:00,2026-01-01 23:32:00,LONG_SPREAD,5.0,5.0,8.0,4336.64,BUY,4331.7,SELL,52039.68000000001,51980.399999999994,4338.14,SELL,4330.2,BUY,24.9648192,11.0351808
2026-01-02 00:55:00,2026-01-02 06:06:00,LONG_SPREAD,5.0,5.0,8.0,4361.73,BUY,4356.8,SELL,52340.759999999995,52281.600000000006,4363.23,SELL,4355.3,BUY,25.1093664,10.890633600000001
2026-01-02 09:11:00,2026-01-02 13:51:00,LONG_SPREAD,5.0,5.0,8.0,4400.91,BUY,4395.8,SELL,52810.92,52749.600000000006,4402.41,SELL,4394.3,BUY,25.3345248,10.6654752
2026-01-02 16:11:00,2026-01-02 19:07:00,LONG_SPREAD,5.0,5.0,8.0,4340.2,BUY,4335.400000000001,SELL,52082.399999999994,52024.8,4341.7,SELL,4333.900000000001,BUY,24.985728,11.014271999999998
2026-01-02 22:01:00,2026-01-03 08:10:00,LONG_SPREAD,5.0,5.0,8.0,4339.28,BUY,4334.7,SELL,52071.36,52016.399999999994,4340.78,SELL,4333.2,BUY,24.9810624,11.018937600000001
2026-01-03 11:10:00,2026-01-03 12:32:00,SHORT_SPREAD,14.0,14.0,11.0,4368.3,SELL,4354.2,BUY,52419.600000000006,52250.399999999994,4366.8,BUY,4355.7,SELL,25.120800000000003,10.879199999999997
2026-01-03 13:40:00,2026-01-03 15:33:00,SHORT_SPREAD,14.0,14.0,11.0,4367.01,SELL,4353.0,BUY,52404.12,52236.0,4365.51,BUY,4354.5,SELL,25.1136288,10.8863712
2026-01-03 15:46:00,2026-01-04 05:33:00,SHORT_SPREAD,14.0,14.0,11.0,4357.78,SELL,4343.7,BUY,52293.36,52124.399999999994,4356.28,BUY,4345.2,SELL,25.0602624,10.9397376
2026-01-04 05:45:00,2026-01-04 09:18:00,SHORT_SPREAD,14.0,14.0,11.0,4349.13,SELL,4335.3,BUY,52189.56,52023.600000000006,4347.63,BUY,4336.8,SELL,25.0111584,10.9888416
2026-01-04 14:52:00,2026-01-04 23:22:00,SHORT_SPREAD,14.0,14.0,11.0,4350.21,SELL,4336.099999999999,BUY,52202.520000000004,52033.2,4348.71,BUY,4337.599999999999,SELL,25.016572800000002,10.983427199999998
2026-01-05 00:59:00,2026-01-05 01:24:00,SHORT_SPREAD,14.0,14.0,11.0,4400.17,SELL,4386.0,BUY,52802.04,52632.0,4398.67,BUY,4387.5,SELL,25.3041696,10.695830399999998
2026-01-05 01:30:00,2026-01-05 01:35:00,SHORT_SPREAD,14.0,14.0,11.0,4401.92,SELL,4388.0,BUY,52823.04,52656.0,4400.42,BUY,4389.5,SELL,25.314969599999998,10.685030400000002
2026-01-05 02:30:00,2026-01-05 04:24:00,SHORT_SPREAD,14.0,14.0,11.0,4407.68,SELL,4393.4,BUY,52892.16,52720.799999999996,4406.18,BUY,4394.9,SELL,25.3471104,10.652889600000002
2026-01-05 06:32:00,2026-01-05 22:52:00,SHORT_SPREAD,14.0,14.0,11.0,4427.96,SELL,4411.8,BUY,53135.520000000004,52941.600000000006,4426.46,BUY,4413.3,SELL,25.458508800000004,10.541491199999996
2026-01-05 23:18:00,2026-01-06 00:45:00,SHORT_SPREAD,14.0,14.0,11.0,4456.57,SELL,4442.5,BUY,53478.84,53310.0,4455.07,BUY,4444.0,SELL,25.629321599999997,10.370678400000003
2026-01-06 01:01:00,2026-01-06 01:08:00,SHORT_SPREAD,14.0,14.0,11.0,4438.84,SELL,4424.7,BUY,53266.08,53096.399999999994,4437.34,BUY,4426.2,SELL,25.5269952,10.473004799999998
2026-01-06 04:12:00,2026-01-08 09:09:00,SHORT_SPREAD,14.0,14.0,11.0,4470.43,SELL,4456.2,BUY,53645.16,53474.399999999994,4468.93,BUY,4457.7,SELL,25.7086944,10.291305600000001
2026-01-08 10:26:00,2026-01-08 16:28:00,SHORT_SPREAD,14.0,14.0,11.0,4436.6,SELL,4422.7,BUY,53239.200000000004,53072.399999999994,4435.1,BUY,4424.2,SELL,25.514784,10.485216000000001
2026-01-08 18:00:00,2026-01-10 03:03:00,SHORT_SPREAD,14.0,14.0,11.0,4469.3,SELL,4454.8,BUY,53631.600000000006,53457.600000000006,4467.8,BUY,4456.3,SELL,25.701408000000004,10.298591999999996
2026-01-10 06:06:00,2026-01-10 07:30:00,SHORT_SPREAD,14.0,14.0,11.0,4511.3,SELL,4497.5,BUY,54135.600000000006,53970.0,4509.8,BUY,4499.0,SELL,25.945344000000002,10.054655999999998
2026-01-10 08:05:00,2026-01-10 09:59:00,SHORT_SPREAD,14.0,14.0,11.0,4514.51,SELL,4500.2,BUY,54174.12,54002.399999999994,4513.01,BUY,4501.7,SELL,25.962364800000003,10.037635199999997
2026-01-10 12:11:00,2026-01-10 18:21:00,SHORT_SPREAD,14.0,14.0,11.0,4518.0,SELL,4504.2,BUY,54216.0,54050.399999999994,4516.5,BUY,4505.7,SELL,25.983936,10.016064
2026-01-10 23:23:00,2026-01-11 06:48:00,SHORT_SPREAD,14.0,14.0,11.0,4518.86,SELL,4504.9,BUY,54226.31999999999,54058.799999999996,4517.36,BUY,4506.4,SELL,25.988428799999998,10.011571200000002
2026-01-11 08:42:00,2026-01-11 09:00:00,SHORT_SPREAD,14.0,14.0,11.0,4516.27,SELL,4502.0,BUY,54195.240000000005,54024.0,4514.77,BUY,4503.5,SELL,25.9726176,10.0273824
2026-01-11 13:59:00,2026-01-11 22:23:00,LONG_SPREAD,5.0,5.0,8.0,4510.94,BUY,4506.2,SELL,54131.28,54074.399999999994,4512.44,SELL,4504.7,BUY,25.9693632,10.0306368
2026-01-12 00:39:00,2026-01-12 02:20:00,LONG_SPREAD,5.0,5.0,8.0,4583.89,BUY,4579.6,SELL,55006.68000000001,54955.200000000004,4585.39,SELL,4578.1,BUY,26.390851200000004,9.609148799999996
2026-01-12 15:05:00,2026-01-12 15:15:00,SHORT_SPREAD,14.0,14.0,11.0,4614.5,SELL,4600.2,BUY,55374.0,55202.399999999994,4613.0,BUY,4601.7,SELL,26.538336,9.461663999999999
2026-01-12 15:36:00,2026-01-12 22:23:00,SHORT_SPREAD,14.0,14.0,11.0,4630.5,SELL,4616.7,BUY,55566.0,55400.399999999994,4629.0,BUY,4618.2,SELL,26.631936,9.368064
2026-01-12 23:11:00,2026-01-13 17:58:00,SHORT_SPREAD,14.0,14.0,11.0,4598.95,SELL,4585.099999999999,BUY,55187.399999999994,55021.2,4597.45,BUY,4586.599999999999,SELL,26.450063999999998,9.549936000000002
2026-01-14 09:31:00,2026-01-14 10:07:00,SHORT_SPREAD,14.0,14.0,11.0,4639.66,SELL,4625.8,BUY,55675.92,55509.600000000006,4638.16,BUY,4627.3,SELL,26.684524800000002,9.315475199999998
2026-01-14 12:06:00,2026-01-15 02:41:00,SHORT_SPREAD,14.0,14.0,11.0,4641.55,SELL,4627.599999999999,BUY,55698.600000000006,55531.2,4640.05,BUY,4629.099999999999,SELL,26.695152,9.304848
2026-01-15 04:20:00,2026-01-15 07:00:00,SHORT_SPREAD,14.0,14.0,11.0,4600.0,SELL,4585.9,BUY,55200.0,55030.799999999996,4598.5,BUY,4587.4,SELL,26.455391999999996,9.544608000000004
2026-01-15 08:06:00,2026-01-16 15:36:00,SHORT_SPREAD,14.0,14.0,11.0,4608.0,SELL,4594.2,BUY,55296.0,55130.399999999994,4606.5,BUY,4595.7,SELL,26.502336,9.497664
2026-01-16 15:37:00,2026-01-16 16:10:00,SHORT_SPREAD,14.0,14.0,11.0,4561.7,SELL,4547.5,BUY,54740.399999999994,54570.0,4560.2,BUY,4549.0,SELL,26.234496,9.765504
2026-01-16 19:06:00,2026-01-16 22:40:00,SHORT_SPREAD,14.0,14.0,11.0,4599.31,SELL,4585.4,BUY,55191.72,55024.799999999996,4597.81,BUY,4586.9,SELL,26.4519648,9.548035200000001
2026-01-16 15:37:00,2026-01-16 23:43:00,SHORT_SPREAD,11.0,11.0,8.0,4561.7,SELL,4547.5,BUY,54740.399999999994,54570.0,4560.2,BUY,4549.0,SELL,26.234496,9.765504
2026-01-17 01:13:00,2026-01-17 11:05:00,SHORT_SPREAD,14.0,14.0,11.0,4605.8,SELL,4591.599999999999,BUY,55269.600000000006,55099.2,4604.3,BUY,4593.099999999999,SELL,26.488512,9.511488
2026-01-17 14:54:00,2026-01-17 15:35:00,SHORT_SPREAD,14.0,14.0,11.0,4608.3,SELL,4594.5,BUY,55299.600000000006,55134.0,4606.8,BUY,4596.0,SELL,26.504064,9.495936
2026-01-17 16:00:00,2026-01-17 17:05:00,SHORT_SPREAD,14.0,14.0,11.0,4606.82,SELL,4592.599999999999,BUY,55281.84,55111.2,4605.32,BUY,4594.099999999999,SELL,26.4943296,9.5056704
2026-01-18 02:17:00,2026-01-18 23:17:00,SHORT_SPREAD,14.0,14.0,11.0,4614.45,SELL,4600.5,BUY,55373.399999999994,55206.0,4612.95,BUY,4602.0,SELL,26.539056,9.460944000000001
2026-01-18 23:24:00,2026-01-19 12:16:00,SHORT_SPREAD,14.0,14.0,11.0,4683.91,SELL,4669.9,BUY,56206.92,56038.799999999996,4682.41,BUY,4671.4,SELL,26.9389728,9.061027200000002
2026-01-19 17:39:00,2026-01-20 04:18:00,SHORT_SPREAD,14.0,14.0,11.0,4684.88,SELL,4670.8,BUY,56218.56,56049.600000000006,4683.38,BUY,4672.3,SELL,26.944358400000002,9.055641599999998
2026-01-20 05:06:00,2026-01-23 07:25:00,SHORT_SPREAD,14.0,14.0,11.0,4710.26,SELL,4695.2,BUY,56523.12,56342.399999999994,4708.76,BUY,4696.7,SELL,27.087724799999997,8.912275200000003
2026-01-23 07:43:00,2026-01-23 11:00:00,SHORT_SPREAD,14.0,14.0,11.0,4965.0,SELL,4951.2,BUY,59580.0,59414.399999999994,4963.5,BUY,4952.7,SELL,28.558656,7.441344000000001
2026-01-23 16:26:00,2026-01-23 21:58:00,SHORT_SPREAD,14.0,14.0,11.0,5003.6,SELL,4989.5,BUY,60043.200000000004,59874.0,5002.1,BUY,4991.0,SELL,28.780128000000005,7.219871999999995
2026-01-23 22:18:00,2026-01-24 00:05:00,SHORT_SPREAD,14.0,14.0,11.0,5000.14,SELL,4986.099999999999,BUY,60001.68000000001,59833.2,4998.64,BUY,4987.599999999999,SELL,28.7603712,7.239628799999998
2026-01-24 00:35:00,2026-01-25 08:16:00,SHORT_SPREAD,14.0,14.0,11.0,5011.86,SELL,4996.8,BUY,60142.31999999999,59961.600000000006,5010.36,BUY,4998.3,SELL,28.8249408,7.1750592
2026-01-25 08:17:00,2026-01-26 21:25:00,SHORT_SPREAD,14.0,14.0,11.0,5062.8,SELL,5042.2,BUY,60753.600000000006,60506.399999999994,5061.3,BUY,5043.7,SELL,29.102400000000003,6.897599999999997
2026-01-26 21:40:00,2026-01-26 22:07:00,SHORT_SPREAD,14.0,14.0,11.0,5025.91,SELL,5011.099999999999,BUY,60310.92,60133.2,5024.41,BUY,5012.599999999999,SELL,28.9065888,7.0934111999999985
2026-01-18 23:24:00,2026-01-26 22:49:00,SHORT_SPREAD,11.0,11.0,8.0,4683.91,SELL,4669.9,BUY,56206.92,56038.799999999996,4682.41,BUY,4671.4,SELL,26.9389728,9.061027200000002
2026-01-26 23:00:00,2026-01-26 23:48:00,SHORT_SPREAD,14.0,14.0,11.0,5027.54,SELL,5012.3,BUY,60330.479999999996,60147.600000000006,5026.04,BUY,5013.8,SELL,28.9147392,7.0852608
2026-01-27 00:52:00,2026-01-27 01:27:00,SHORT_SPREAD,14.0,14.0,11.0,5031.75,SELL,5017.7,BUY,60381.0,60212.399999999994,5030.25,BUY,5019.2,SELL,28.942416,7.0575839999999985
2026-01-27 03:12:00,2026-01-28 07:20:00,SHORT_SPREAD,14.0,14.0,11.0,5081.61,SELL,5067.5,BUY,60979.31999999999,60810.0,5080.11,BUY,5069.0,SELL,29.2294368,6.770563200000002
2026-01-28 07:23:00,2026-01-28 11:12:00,SHORT_SPREAD,14.0,14.0,11.0,5298.51,SELL,5282.599999999999,BUY,63582.12,63391.2,5297.01,BUY,5284.099999999999,SELL,30.4735968,5.526403200000001
2026-01-28 11:35:00,2026-01-28 22:21:00,SHORT_SPREAD,14.0,14.0,11.0,5271.41,SELL,5257.599999999999,BUY,63256.92,63091.2,5269.91,BUY,5259.099999999999,SELL,30.323548799999998,5.6764512000000025
2026-01-28 22:25:00,2026-01-28 23:22:00,SHORT_SPREAD,14.0,14.0,11.0,5444.99,SELL,5430.8,BUY,65339.88,65169.600000000006,5443.49,BUY,5432.3,SELL,31.3222752,4.6777248
2026-01-28 23:30:00,2026-01-28 23:39:00,SHORT_SPREAD,14.0,14.0,11.0,5515.31,SELL,5500.4,BUY,66183.72,66004.79999999999,5513.81,BUY,5501.9,SELL,31.7252448,4.274755200000001
2026-01-28 23:42:00,2026-01-29 10:01:00,SHORT_SPREAD,14.0,14.0,11.0,5567.46,SELL,5553.4,BUY,66809.52,66640.79999999999,5565.96,BUY,5554.9,SELL,32.0280768,3.971923199999999
2026-01-29 10:07:00,2026-01-31 18:15:00,SHORT_SPREAD,14.0,14.0,11.0,5541.2,SELL,5526.2,BUY,66494.4,66314.4,5539.7,BUY,5527.7,SELL,31.874111999999997,4.125888000000003
2026-01-31 18:25:00,2026-01-31 18:35:00,SHORT_SPREAD,14.0,14.0,11.0,4848.4,SELL,4834.4,BUY,58180.799999999996,58012.799999999996,4846.9,BUY,4835.9,SELL,27.886463999999997,8.113536000000003
2026-01-17 19:01:00,2026-01-31 18:37:00,SHORT_SPREAD,8.0,8.0,5.0,4603.05,SELL,4594.7,BUY,55236.600000000006,55136.399999999994,4601.55,BUY,4596.2,SELL,26.48952,9.510480000000001
2026-01-31 18:42:00,2026-01-31 18:52:00,SHORT_SPREAD,14.0,14.0,11.0,4846.91,SELL,4832.599999999999,BUY,58162.92,57991.2,4845.41,BUY,4834.099999999999,SELL,27.8769888,8.1230112
2026-01-31 18:40:00,2026-01-31 18:56:00,SHORT_SPREAD,8.0,8.0,5.0,4848.71,SELL,4836.8,BUY,58184.520000000004,58041.600000000006,4847.21,BUY,4838.3,SELL,27.894268800000003,8.105731199999997
2026-01-31 19:02:00,2026-02-01 23:01:00,SHORT_SPREAD,14.0,14.0,11.0,4870.4,SELL,4855.599999999999,BUY,58444.799999999996,58267.2,4868.9,BUY,4857.099999999999,SELL,28.01088,7.98912
2026-02-01 23:03:00,2026-03-18 18:31:00,SHORT_SPREAD,14.0,14.0,11.0,4845.25,SELL,4827.7,BUY,58143.0,57932.399999999994,4843.75,BUY,4829.2,SELL,27.858096,8.141904
2026-03-18 21:05:00,2026-03-18 21:19:00,SHORT_SPREAD,14.0,14.0,11.0,4814.75,SELL,4800.7,BUY,57777.0,57608.399999999994,4813.25,BUY,4802.2,SELL,27.692496,8.307504000000002
2026-02-01 23:03:00,2026-03-18 21:25:00,SHORT_SPREAD,11.0,11.0,8.0,4845.25,SELL,4827.7,BUY,58143.0,57932.399999999994,4843.75,BUY,4829.2,SELL,27.858096,8.141904
2026-01-31 18:59:00,2026-03-18 21:38:00,SHORT_SPREAD,8.0,8.0,5.0,4874.28,SELL,4866.0,BUY,58491.36,58392.0,4872.78,BUY,4867.5,SELL,28.0520064,7.9479936
2026-03-19 09:44:00,2026-03-19 21:41:00,LONG_SPREAD,5.0,5.0,8.0,4697.51,BUY,4692.5,SELL,56370.12,56310.0,4699.01,SELL,4691.0,BUY,27.0432288,8.956771199999999
2026-03-19 07:21:00,2026-03-19 21:44:00,LONG_SPREAD,8.0,8.0,11.0,4758.09,BUY,4750.1,SELL,57097.08,57001.200000000004,4759.59,SELL,4748.6,BUY,27.3835872,8.616412799999999
2026-03-20 09:53:00,2026-03-20 11:08:00,LONG_SPREAD,5.0,5.0,8.0,4664.5,BUY,4659.3,SELL,55974.0,55911.600000000006,4666.0,SELL,4657.8,BUY,26.852544,9.147455999999998
2026-03-20 15:06:00,2026-03-20 18:21:00,LONG_SPREAD,5.0,5.0,8.0,4575.15,BUY,4570.1,SELL,54901.799999999996,54841.200000000004,4576.65,SELL,4568.6,BUY,26.338320000000003,9.661679999999997
2026-03-20 04:36:00,2026-03-20 18:49:00,LONG_SPREAD,11.0,11.0,14.0,4727.0,BUY,4716.0,SELL,56724.0,56592.0,4728.5,SELL,4714.5,BUY,27.19584,8.80416
2026-03-20 20:08:00,2026-03-20 20:49:00,LONG_SPREAD,11.0,11.0,14.0,4511.0,BUY,4500.6,SELL,54132.0,54007.200000000004,4512.5,SELL,4499.1,BUY,25.953408000000003,10.046591999999997
2026-03-20 21:32:00,2026-03-20 21:50:00,LONG_SPREAD,11.0,11.0,14.0,4519.16,BUY,4509.1,SELL,54229.92,54109.200000000004,4520.66,SELL,4507.6,BUY,26.0013888,9.9986112
2026-03-20 21:54:00,2026-03-20 22:02:00,LONG_SPREAD,11.0,11.0,14.0,4514.07,BUY,4503.3,SELL,54168.84,54039.600000000006,4515.57,SELL,4501.8,BUY,25.9700256,10.0299744
2026-03-21 00:58:00,2026-03-21 01:36:00,LONG_SPREAD,11.0,11.0,14.0,4513.06,BUY,4502.0,SELL,54156.72,54024.0,4514.56,SELL,4500.5,BUY,25.963372800000002,10.036627199999998
2026-03-21 04:49:00,2026-03-21 07:05:00,LONG_SPREAD,11.0,11.0,14.0,4506.24,BUY,4497.8,SELL,54074.88,53973.600000000006,4507.74,SELL,4496.3,BUY,25.931635200000002,10.068364799999998
2026-03-21 08:22:00,2026-03-21 08:51:00,LONG_SPREAD,11.0,11.0,14.0,4505.9,BUY,4494.7,SELL,54070.799999999996,53936.399999999994,4507.4,SELL,4493.2,BUY,25.921727999999998,10.078272000000002
2026-03-21 14:16:00,2026-03-21 15:14:00,LONG_SPREAD,11.0,11.0,14.0,4505.2,BUY,4494.2,SELL,54062.399999999994,53930.399999999994,4506.7,SELL,4492.7,BUY,25.918271999999995,10.081728000000005
2026-03-22 11:02:00,2026-03-22 17:00:00,LONG_SPREAD,5.0,5.0,8.0,4483.17,BUY,4478.3,SELL,53798.04,53739.600000000006,4484.67,SELL,4476.8,BUY,25.8090336,10.1909664
2026-03-22 17:15:00,2026-03-22 20:00:00,LONG_SPREAD,5.0,5.0,8.0,4495.98,BUY,4490.900000000001,SELL,53951.759999999995,53890.8,4497.48,SELL,4489.400000000001,BUY,25.8822144,10.117785600000001
2026-03-22 21:32:00,2026-03-22 22:15:00,LONG_SPREAD,5.0,5.0,8.0,4478.66,BUY,4473.5,SELL,53743.92,53682.0,4480.16,SELL,4472.0,BUY,25.782220799999997,10.217779200000003
2026-03-22 22:26:00,2026-03-22 23:10:00,LONG_SPREAD,5.0,5.0,8.0,4530.96,BUY,4526.2,SELL,54371.520000000004,54314.399999999994,4532.46,SELL,4524.7,BUY,26.0846208,9.9153792
2026-03-23 00:30:00,2026-03-23 01:19:00,LONG_SPREAD,5.0,5.0,8.0,4443.15,BUY,4438.0,SELL,53317.799999999996,53256.0,4444.65,SELL,4436.5,BUY,25.577712,10.422288000000002
2026-03-23 03:03:00,2026-03-23 10:48:00,LONG_SPREAD,5.0,5.0,8.0,4376.55,BUY,4371.400000000001,SELL,52518.600000000006,52456.8,4378.05,SELL,4369.900000000001,BUY,25.194096000000002,10.805903999999998
2026-03-22 09:59:00,2026-03-23 12:43:00,LONG_SPREAD,11.0,11.0,14.0,4498.79,BUY,4488.0,SELL,53985.479999999996,53856.0,4500.29,SELL,4486.5,BUY,25.8819552,10.1180448
2026-03-23 13:03:00,2026-03-23 15:30:00,LONG_SPREAD,11.0,11.0,14.0,4452.55,BUY,4442.5,SELL,53430.600000000006,53310.0,4454.05,SELL,4441.0,BUY,25.617744000000002,10.382255999999998
2026-03-23 15:46:00,2026-03-23 18:49:00,LONG_SPREAD,11.0,11.0,14.0,4403.69,BUY,4393.0,SELL,52844.28,52716.0,4405.19,SELL,4391.5,BUY,25.3344672,10.665532800000001
2026-03-23 19:12:00,2026-03-23 22:12:00,LONG_SPREAD,11.0,11.0,14.0,4431.14,BUY,4420.0,SELL,53173.68000000001,53040.0,4432.64,SELL,4418.5,BUY,25.4912832,10.508716799999998
2026-03-24 03:53:00,2026-03-24 04:13:00,LONG_SPREAD,5.0,5.0,8.0,4350.04,BUY,4345.0,SELL,52200.479999999996,52140.0,4351.54,SELL,4343.5,BUY,25.0417152,10.958284800000001
2026-03-24 04:56:00,2026-03-24 05:12:00,LONG_SPREAD,5.0,5.0,8.0,4345.32,BUY,4340.2,SELL,52143.84,52082.399999999994,4346.82,SELL,4338.7,BUY,25.0142976,10.985702400000001
2026-03-24 11:18:00,2026-03-24 15:19:00,LONG_SPREAD,5.0,5.0,8.0,4410.3,BUY,4405.1,SELL,52923.600000000006,52861.200000000004,4411.8,SELL,4403.6,BUY,25.388352000000005,10.611647999999995
2026-03-24 17:21:00,2026-03-24 18:18:00,LONG_SPREAD,5.0,5.0,8.0,4405.13,BUY,4400.2,SELL,52861.56,52802.399999999994,4406.63,SELL,4398.7,BUY,25.359350399999997,10.640649600000003
2026-03-24 18:50:00,2026-03-24 20:27:00,LONG_SPREAD,5.0,5.0,8.0,4400.54,BUY,4395.900000000001,SELL,52806.479999999996,52750.8,4402.04,SELL,4394.400000000001,BUY,25.333747199999998,10.666252800000002
2026-03-24 21:08:00,2026-03-24 21:31:00,LONG_SPREAD,5.0,5.0,8.0,4475.45,BUY,4470.400000000001,SELL,53705.399999999994,53644.8,4476.95,SELL,4468.900000000001,BUY,25.764048000000003,10.235951999999997
2026-03-24 22:45:00,2026-03-24 23:29:00,LONG_SPREAD,5.0,5.0,8.0,4471.87,BUY,4467.0,SELL,53662.44,53604.0,4473.37,SELL,4465.5,BUY,25.743945600000004,10.256054399999996
2026-03-25 06:24:00,2026-03-25 11:42:00,LONG_SPREAD,5.0,5.0,8.0,4545.97,BUY,4541.1,SELL,54551.64,54493.200000000004,4547.47,SELL,4539.6,BUY,26.1707616,9.829238400000001
2026-03-25 13:43:00,2026-03-25 14:37:00,LONG_SPREAD,5.0,5.0,8.0,4554.3,BUY,4549.3,SELL,54651.600000000006,54591.600000000006,4555.8,SELL,4547.8,BUY,26.218368000000005,9.781631999999995
2026-03-25 20:21:00,2026-03-25 20:41:00,LONG_SPREAD,5.0,5.0,8.0,4526.89,BUY,4521.7,SELL,54322.68000000001,54260.399999999994,4528.39,SELL,4520.2,BUY,26.059939200000002,9.940060799999998
2026-03-25 21:02:00,2026-03-25 21:18:00,LONG_SPREAD,5.0,5.0,8.0,4505.15,BUY,4500.0,SELL,54061.799999999996,54000.0,4506.65,SELL,4498.5,BUY,25.934832,10.065168
2026-03-25 22:20:00,2026-03-25 22:39:00,LONG_SPREAD,5.0,5.0,8.0,4508.68,BUY,4504.400000000001,SELL,54104.16,54052.8,4510.18,SELL,4502.900000000001,BUY,25.957670400000005,10.042329599999995
2026-03-26 05:49:00,2026-03-26 09:38:00,LONG_SPREAD,5.0,5.0,8.0,4470.07,BUY,4464.900000000001,SELL,53640.84,53578.8,4471.57,SELL,4463.400000000001,BUY,25.732713600000004,10.267286399999996
2026-03-26 12:04:00,2026-03-27 05:36:00,LONG_SPREAD,5.0,5.0,8.0,4427.03,BUY,4421.900000000001,SELL,53124.36,53062.8,4428.53,SELL,4420.400000000001,BUY,25.4849184,10.515081599999998
2026-03-27 13:35:00,2026-03-27 14:04:00,LONG_SPREAD,5.0,5.0,8.0,4417.82,BUY,4413.1,SELL,53013.84,52957.200000000004,4419.32,SELL,4411.6,BUY,25.433049600000004,10.566950399999996
2026-03-27 18:44:00,2026-03-27 21:35:00,LONG_SPREAD,5.0,5.0,8.0,4525.34,BUY,4520.3,SELL,54304.08,54243.600000000006,4526.84,SELL,4518.8,BUY,26.0514432,9.948556799999999
2026-03-27 22:30:00,2026-03-28 01:14:00,LONG_SPREAD,5.0,5.0,8.0,4496.22,BUY,4491.2,SELL,53954.64,53894.399999999994,4497.72,SELL,4489.7,BUY,25.8837696,10.1162304
2026-03-28 01:27:00,2026-03-28 05:12:00,LONG_SPREAD,5.0,5.0,8.0,4492.63,BUY,4487.5,SELL,53911.56,53850.0,4494.13,SELL,4486.0,BUY,25.8627744,10.1372256
2026-03-23 22:16:00,2026-03-28 15:26:00,LONG_SPREAD,11.0,11.0,14.0,4403.56,BUY,4392.5,SELL,52842.72,52710.0,4405.06,SELL,4391.0,BUY,25.332652799999998,10.667347200000002
