open_datetime,close_datetime,spread_side,grid_level,entry_spread,take_profit_spread,leg1_open_price,leg1_open_direction,leg2_open_price,leg2_open_direction,leg1_open_amount,leg2_open_amount,leg1_close_price,leg1_close_direction,leg2_close_price,leg2_close_direction,fee,pnl
2026-01-27 09:38:00,2026-01-27 09:40:00,SHORT_SPREAD,2.2,2.2,1.6,64.06,SELL,61.7,BUY,3074.88,2961.6000000000004,63.760000000000005,BUY,62.0,SELL,0.50706432,28.292935679999726
2026-01-27 09:39:00,2026-01-27 09:40:00,SHORT_SPREAD,2.8,2.8,2.1999999999999997,64.37,SELL,61.7,BUY,3089.76,2961.6000000000004,64.07000000000001,BUY,62.0,SELL,0.50831424,28.291685759999726
2026-01-27 09:40:00,2026-01-27 09:41:00,LONG_SPREAD,1.0,1.0,1.6,62.44,BUY,61.3,SELL,2997.12,2942.3999999999996,62.739999999999995,SELL,61.0,BUY,0.49891968,28.301080319999727
2026-01-27 09:41:00,2026-01-27 09:43:00,SHORT_SPREAD,2.2,2.2,1.6,64.19,SELL,61.7,BUY,3081.12,2961.6000000000004,63.89,BUY,62.0,SELL,0.50758848,28.292411519999728
2026-01-27 09:45:00,2026-01-27 09:46:00,SHORT_SPREAD,4.0,4.0,3.4,67.42,SELL,61.720000000000006,BUY,3236.16,2962.5600000000004,67.12,BUY,62.02,SELL,0.52069248,28.279307519999726
2026-01-27 09:45:00,2026-01-27 09:46:00,SHORT_SPREAD,4.6,4.6,3.9999999999999996,67.42,SELL,61.720000000000006,BUY,3236.16,2962.5600000000004,67.12,BUY,62.02,SELL,0.52069248,28.279307519999726
2026-01-27 09:45:00,2026-01-27 09:46:00,SHORT_SPREAD,5.2,5.2,4.6000000000000005,67.42,SELL,61.720000000000006,BUY,3236.16,2962.5600000000004,67.12,BUY,62.02,SELL,0.52069248,28.279307519999726
2026-01-27 09:44:00,2026-01-27 09:48:00,SHORT_SPREAD,2.2,2.2,1.6,64.42,SELL,61.71,BUY,3092.16,2962.08,64.12,BUY,62.01,SELL,0.5085561599999999,28.291443839999726
2026-01-27 09:44:00,2026-01-27 09:48:00,SHORT_SPREAD,2.8,2.8,2.1999999999999997,64.42,SELL,61.71,BUY,3092.16,2962.08,64.12,BUY,62.01,SELL,0.5085561599999999,28.291443839999726
2026-01-27 09:45:00,2026-01-27 09:48:00,SHORT_SPREAD,3.4,3.4,2.8,67.42,SELL,61.720000000000006,BUY,3236.16,2962.5600000000004,67.12,BUY,62.02,SELL,0.52069248,28.279307519999726
2026-01-27 09:56:00,2026-01-27 10:03:00,SHORT_SPREAD,4.0,4.0,3.4,65.34,SELL,61.27,BUY,3136.32,2940.96,65.04,BUY,61.57,SELL,0.51049152,28.28950847999973
2026-01-27 13:21:00,2026-01-27 14:29:00,SHORT_SPREAD,5.2,5.2,4.6000000000000005,65.95,SELL,60.93,BUY,3165.6000000000004,2924.64,65.65,BUY,61.23,SELL,0.5115801600000001,28.288419839999726
2026-01-28 03:53:00,2026-01-28 09:41:00,SHORT_SPREAD,5.2,5.2,4.6000000000000005,67.9,SELL,62.900000000000006,BUY,3259.2000000000003,3019.2000000000003,67.60000000000001,BUY,63.2,SELL,0.5273856,28.27261439999973
2026-01-28 11:09:00,2026-01-28 13:22:00,SHORT_SPREAD,5.2,5.2,4.6000000000000005,67.49,SELL,62.470000000000006,BUY,3239.5199999999995,2998.5600000000004,67.19,BUY,62.77,SELL,0.52399872,28.276001279999726
2026-01-28 13:36:00,2026-01-28 13:40:00,SHORT_SPREAD,5.2,5.2,4.6000000000000005,68.48,SELL,63.27,BUY,3287.04,3036.96,68.18,BUY,63.57,SELL,0.5312159999999999,28.268783999999727
2026-01-27 10:07:00,2026-01-28 14:09:00,SHORT_SPREAD,4.6,4.6,3.9999999999999996,65.94,SELL,61.300000000000004,BUY,3165.12,2942.4,65.64,BUY,61.6,SELL,0.51303168,28.286968319999726
2026-01-28 16:54:00,2026-01-29 22:19:00,SHORT_SPREAD,5.2,5.2,4.6000000000000005,67.95,SELL,62.95,BUY,3261.6000000000004,3021.6000000000004,67.65,BUY,63.25,SELL,0.5277888,28.272211199999727
2026-01-29 22:39:00,2026-01-30 01:02:00,SHORT_SPREAD,5.2,5.2,4.6000000000000005,70.89,SELL,65.75,BUY,3402.7200000000003,3156.0,70.59,BUY,66.05,SELL,0.55093248,28.249067519999727
2026-01-28 14:52:00,2026-01-30 02:30:00,SHORT_SPREAD,4.6,4.6,3.9999999999999996,67.85,SELL,63.400000000000006,BUY,3256.7999999999997,3043.2000000000003,67.55,BUY,63.7,SELL,0.5291999999999999,28.270799999999728
2026-01-27 10:05:00,2026-01-30 17:49:00,SHORT_SPREAD,4.0,4.0,3.4,65.11,SELL,61.28,BUY,3125.2799999999997,2941.44,64.81,BUY,61.58,SELL,0.5096044799999999,28.290395519999727
2026-01-31 00:19:00,2026-01-31 13:57:00,SHORT_SPREAD,4.6,4.6,3.9999999999999996,70.63,SELL,66.2,BUY,3390.24,3177.6000000000004,70.33,BUY,66.5,SELL,0.55169856,28.24830143999973
2026-01-31 17:26:00,2026-01-31 17:40:00,SHORT_SPREAD,4.6,4.6,3.9999999999999996,70.25,SELL,65.84,BUY,3372.0,3160.32,69.95,BUY,66.14,SELL,0.54871488,28.25128511999973
2026-02-01 01:11:00,2026-02-01 06:26:00,SHORT_SPREAD,4.6,4.6,3.9999999999999996,70.37,SELL,65.96000000000001,BUY,3377.76,3166.0800000000004,70.07000000000001,BUY,66.26,SELL,0.54968256,28.250317439999726
2026-02-01 06:34:00,2026-02-01 08:45:00,SHORT_SPREAD,4.6,4.6,3.9999999999999996,70.21,SELL,65.7,BUY,3370.08,3153.6000000000004,69.91,BUY,66.0,SELL,0.54798912,28.252010879999727
2026-02-01 09:20:00,2026-02-01 15:25:00,SHORT_SPREAD,4.6,4.6,3.9999999999999996,70.0,SELL,65.54,BUY,3360.0,3145.92,69.7,BUY,65.84,SELL,0.5464972800000001,28.253502719999727
2026-01-30 17:52:00,2026-02-01 22:13:00,SHORT_SPREAD,4.0,4.0,3.4,68.84,SELL,64.88000000000001,BUY,3304.32,3114.2400000000007,68.54,BUY,65.18,SELL,0.5391590399999999,28.260840959999726
2026-02-01 23:01:00,2026-02-02 01:01:00,SHORT_SPREAD,5.2,5.2,4.6000000000000005,70.22,SELL,64.42,BUY,3370.56,3092.16,69.92,BUY,64.72,SELL,0.5428684799999999,28.257131519999728
2026-02-01 23:00:00,2026-02-02 01:58:00,SHORT_SPREAD,4.6,4.6,3.9999999999999996,70.23,SELL,65.25,BUY,3371.04,3132.0,69.93,BUY,65.55,SELL,0.54625536,28.253744639999727
2026-02-02 02:57:00,2026-02-02 03:15:00,SHORT_SPREAD,4.6,4.6,3.9999999999999996,67.08,SELL,62.68,BUY,3219.84,3008.64,66.78,BUY,62.98,SELL,0.5231923199999999,28.276807679999727
2026-02-02 03:50:00,2026-02-02 04:04:00,SHORT_SPREAD,4.6,4.6,3.9999999999999996,66.61,SELL,62.21,BUY,3197.2799999999997,2986.08,66.31,BUY,62.51,SELL,0.51940224,28.280597759999726
2026-02-01 22:19:00,2026-02-02 04:52:00,SHORT_SPREAD,4.0,4.0,3.4,70.04,SELL,65.93,BUY,3361.92,3164.6400000000003,69.74000000000001,BUY,66.23,SELL,0.54823104,28.251768959999726
2026-02-02 05:31:00,2026-02-02 05:45:00,SHORT_SPREAD,4.0,4.0,3.4,66.37,SELL,62.400000000000006,BUY,3185.76,2995.2000000000003,66.07000000000001,BUY,62.7,SELL,0.51920064,28.280799359999726
2026-02-02 05:49:00,2026-02-02 07:58:00,SHORT_SPREAD,4.0,4.0,3.4,65.71,SELL,61.690000000000005,BUY,3154.08,2961.1200000000003,65.41,BUY,61.99,SELL,0.5136768,28.286323199999728
2026-02-02 09:43:00,2026-02-02 09:44:00,SHORT_SPREAD,5.2,5.2,4.6000000000000005,66.37,SELL,61.230000000000004,BUY,3185.76,2939.04,66.07000000000001,BUY,61.53,SELL,0.5144831999999999,28.285516799999726
2026-02-02 09:41:00,2026-02-02 09:46:00,SHORT_SPREAD,4.6,4.6,3.9999999999999996,66.48,SELL,61.81,BUY,3191.04,2966.88,66.18,BUY,62.11,SELL,0.5172652799999999,28.282734719999727
2026-02-02 11:43:00,2026-02-02 11:46:00,SHORT_SPREAD,4.6,4.6,3.9999999999999996,65.98,SELL,61.5,BUY,3167.04,2952.0,65.68,BUY,61.8,SELL,0.5139993599999999,28.286000639999727
2026-02-02 07:59:00,2026-02-02 14:05:00,SHORT_SPREAD,4.0,4.0,3.4,66.37,SELL,62.440000000000005,BUY,3185.76,2997.1200000000003,66.07000000000001,BUY,62.74,SELL,0.5193619199999999,28.280638079999726
2026-02-02 15:01:00,2026-02-02 15:47:00,SHORT_SPREAD,4.6,4.6,3.9999999999999996,66.54,SELL,62.14,BUY,3193.92,2982.7200000000003,66.24000000000001,BUY,62.44,SELL,0.51883776,28.281162239999727
2026-02-03 20:46:00,2026-02-03 21:52:00,SHORT_SPREAD,4.6,4.6,3.9999999999999996,68.22,SELL,63.800000000000004,BUY,3274.56,3062.4,67.92,BUY,64.10000000000001,SELL,0.53230464,28.26769536000007
2026-02-04 17:38:00,2026-02-04 19:47:00,SHORT_SPREAD,4.6,4.6,3.9999999999999996,69.76,SELL,65.22,BUY,3348.4800000000005,3130.56,69.46000000000001,BUY,65.52,SELL,0.54423936,28.25576063999973
2026-02-02 14:42:00,2026-02-04 19:48:00,SHORT_SPREAD,4.0,4.0,3.4,66.27,SELL,62.370000000000005,BUY,3180.96,2993.76,65.97,BUY,62.67,SELL,0.5186764799999999,28.281323519999727
2026-02-04 23:06:00,2026-02-05 11:14:00,SHORT_SPREAD,4.6,4.6,3.9999999999999996,68.75,SELL,64.28,BUY,3300.0,3085.44,68.45,BUY,64.58,SELL,0.53637696,28.26362303999973
2026-02-05 23:38:00,2026-02-06 11:19:00,SHORT_SPREAD,4.6,4.6,3.9999999999999996,67.59,SELL,63.18,BUY,3244.32,3032.64,67.29,BUY,63.48,SELL,0.5272646400000001,28.27273535999973
2026-02-12 09:21:00,2026-02-13 10:05:00,SHORT_SPREAD,5.2,5.2,4.6000000000000005,69.68,SELL,64.67,BUY,3344.6400000000003,3104.16,69.38000000000001,BUY,64.97,SELL,0.5416992,28.258300799999727
2026-02-13 12:50:00,2026-02-16 15:03:00,SHORT_SPREAD,5.2,5.2,4.6000000000000005,67.51,SELL,62.5,BUY,3240.4800000000005,3000.0,67.21000000000001,BUY,62.8,SELL,0.52420032,28.27579967999973
2026-02-17 13:53:00,2026-02-20 08:07:00,SHORT_SPREAD,5.2,5.2,4.6000000000000005,67.76,SELL,62.620000000000005,BUY,3252.4800000000005,3005.76,67.46000000000001,BUY,62.92,SELL,0.52569216,28.27430783999973
2026-02-20 10:01:00,2026-02-20 18:10:00,SHORT_SPREAD,5.2,5.2,4.6000000000000005,71.25,SELL,66.16,BUY,3420.0,3175.68,70.95,BUY,66.46,SELL,0.55403712,28.245962879999727
2026-02-20 20:36:00,2026-02-20 23:46:00,SHORT_SPREAD,5.2,5.2,4.6000000000000005,71.54,SELL,66.54,BUY,3433.92,3193.92,71.24000000000001,BUY,66.84,SELL,0.55673856,28.243261439999728
2026-02-20 23:58:00,2026-02-24 15:43:00,SHORT_SPREAD,5.2,5.2,4.6000000000000005,71.65,SELL,66.65,BUY,3439.2000000000003,3199.2000000000003,71.35000000000001,BUY,66.95,SELL,0.5576255999999999,28.242374399999726
2026-02-06 18:00:00,2026-02-28 16:51:00,SHORT_SPREAD,4.6,4.6,3.9999999999999996,68.82,SELL,64.41,BUY,3303.3599999999997,3091.68,68.52,BUY,64.71,SELL,0.53718336,28.262816639999727
2026-02-24 16:06:00,2026-02-28 16:51:00,SHORT_SPREAD,5.2,5.2,4.6000000000000005,71.4,SELL,66.36,BUY,3427.2000000000003,3185.2799999999997,71.10000000000001,BUY,66.66,SELL,0.55544832,28.244551679999727
2026-02-28 17:10:00,2026-02-28 17:21:00,SHORT_SPREAD,5.2,5.2,4.6000000000000005,74.91,SELL,69.64,BUY,3595.68,3342.7200000000003,74.61,BUY,69.94,SELL,0.5828256,28.217174399999728
2026-02-28 18:17:00,2026-02-28 18:29:00,SHORT_SPREAD,5.2,5.2,4.6000000000000005,75.0,SELL,69.98,BUY,3600.0,3359.04,74.7,BUY,70.28,SELL,0.5845593600000001,28.215440639999727
2026-02-28 18:36:00,2026-02-28 18:43:00,SHORT_SPREAD,5.2,5.2,4.6000000000000005,74.94,SELL,69.88000000000001,BUY,3597.12,3354.2400000000007,74.64,BUY,70.18,SELL,0.58391424,28.21608575999973
2026-02-28 18:59:00,2026-02-28 19:01:00,SHORT_SPREAD,5.2,5.2,4.6000000000000005,74.61,SELL,69.57000000000001,BUY,3581.2799999999997,3339.3600000000006,74.31,BUY,69.87,SELL,0.5813337599999999,28.218666239999727
2026-02-28 19:05:00,2026-02-28 19:06:00,SHORT_SPREAD,5.2,5.2,4.6000000000000005,74.59,SELL,69.57000000000001,BUY,3580.32,3339.3600000000006,74.29,BUY,69.87,SELL,0.58125312,28.218746879999728
2026-02-28 16:52:00,2026-02-28 19:12:00,SHORT_SPREAD,4.6,4.6,3.9999999999999996,74.94,SELL,70.38000000000001,BUY,3597.12,3378.2400000000007,74.64,BUY,70.68,SELL,0.58593024,28.214069759999727
2026-02-28 20:25:00,2026-02-28 20:26:00,SHORT_SPREAD,5.2,5.2,4.6000000000000005,74.67,SELL,69.67,BUY,3584.16,3344.16,74.37,BUY,69.97,SELL,0.5819788799999999,28.218021119999726
2026-02-28 20:41:00,2026-02-28 20:46:00,SHORT_SPREAD,5.2,5.2,4.6000000000000005,74.58,SELL,69.57000000000001,BUY,3579.84,3339.3600000000006,74.28,BUY,69.87,SELL,0.5812128000000001,28.218787199999728
2026-02-28 23:42:00,2026-03-01 00:30:00,SHORT_SPREAD,5.2,5.2,4.6000000000000005,74.85,SELL,69.82000000000001,BUY,3592.7999999999997,3351.3600000000006,74.55,BUY,70.12,SELL,0.5833094400000001,28.216690559999726
2026-02-28 20:15:00,2026-03-01 00:34:00,SHORT_SPREAD,4.6,4.6,3.9999999999999996,74.65,SELL,70.13000000000001,BUY,3583.2000000000003,3366.2400000000007,74.35000000000001,BUY,70.43,SELL,0.58375296,28.21624703999973
2026-03-01 00:41:00,2026-03-01 00:57:00,SHORT_SPREAD,4.6,4.6,3.9999999999999996,74.76,SELL,70.32000000000001,BUY,3588.4800000000005,3375.3600000000006,74.46000000000001,BUY,70.62,SELL,0.5849625600000001,28.215037439999726
2026-02-04 20:27:00,2026-03-01 00:58:00,SHORT_SPREAD,4.0,4.0,3.4,68.65,SELL,64.78,BUY,3295.2000000000003,3109.44,68.35000000000001,BUY,65.08,SELL,0.53798976,28.26201023999973
2026-03-01 01:00:00,2026-03-01 01:02:00,SHORT_SPREAD,4.0,4.0,3.4,75.21,SELL,70.92,BUY,3610.08,3404.16,74.91,BUY,71.22,SELL,0.58919616,28.210803839999727
2026-03-01 01:07:00,2026-03-01 01:11:00,SHORT_SPREAD,4.0,4.0,3.4,74.42,SELL,70.62,BUY,3572.16,3389.76,74.12,BUY,70.92,SELL,0.58480128,28.215198719999727
2026-03-01 02:09:00,2026-03-01 20:36:00,SHORT_SPREAD,4.6,4.6,3.9999999999999996,74.54,SELL,70.08,BUY,3577.92,3363.84,74.24000000000001,BUY,70.38,SELL,0.58310784,28.216892159999727
2026-03-01 02:20:00,2026-03-01 20:36:00,SHORT_SPREAD,5.2,5.2,4.6000000000000005,75.0,SELL,69.88000000000001,BUY,3600.0,3354.2400000000007,74.7,BUY,70.18,SELL,0.58415616,28.215843839999728
2026-03-01 20:47:00,2026-03-01 21:01:00,SHORT_SPREAD,4.6,4.6,3.9999999999999996,74.15,SELL,69.53,BUY,3559.2000000000003,3337.44,73.85000000000001,BUY,69.83,SELL,0.5793177599999999,28.22068223999973
2026-03-01 20:51:00,2026-03-01 21:01:00,SHORT_SPREAD,5.2,5.2,4.6000000000000005,74.21,SELL,69.17,BUY,3562.08,3320.16,73.91,BUY,69.47,SELL,0.57810816,28.221891839999728
2026-03-01 21:12:00,2026-03-01 22:48:00,SHORT_SPREAD,5.2,5.2,4.6000000000000005,77.63,SELL,71.32000000000001,BUY,3726.24,3423.3600000000006,77.33,BUY,71.62,SELL,0.6005664,28.19943359999973
2026-03-01 21:02:00,2026-03-01 22:55:00,SHORT_SPREAD,4.6,4.6,3.9999999999999996,75.48,SELL,71.01,BUY,3623.04,3408.4800000000005,75.18,BUY,71.31,SELL,0.59064768,28.209352319999727
2026-03-01 01:44:00,2026-03-01 22:56:00,SHORT_SPREAD,4.0,4.0,3.4,73.97,SELL,69.58,BUY,3550.56,3339.84,73.67,BUY,69.88,SELL,0.5787936,28.221206399999726
2026-01-27 09:56:00,2026-03-01 22:57:00,SHORT_SPREAD,3.4,3.4,2.8,65.34,SELL,61.27,BUY,3136.32,2940.96,65.04,BUY,61.57,SELL,0.51049152,28.28950847999973
2026-03-01 23:00:00,2026-03-01 23:07:00,SHORT_SPREAD,4.6,4.6,3.9999999999999996,77.71,SELL,72.91,BUY,3730.08,3499.68,77.41,BUY,73.21,SELL,0.60729984,28.192700159999728
2026-03-01 23:10:00,2026-03-01 23:14:00,SHORT_SPREAD,5.2,5.2,4.6000000000000005,75.69,SELL,69.99000000000001,BUY,3633.12,3359.5200000000004,75.39,BUY,70.29,SELL,0.58738176,28.212618239999728
2026-03-01 23:09:00,2026-03-01 23:15:00,SHORT_SPREAD,4.6,4.6,3.9999999999999996,75.7,SELL,70.93,BUY,3633.6000000000004,3404.6400000000003,75.4,BUY,71.23,SELL,0.59121216,28.208787839999726
2026-03-01 23:00:00,2026-03-01 23:29:00,SHORT_SPREAD,4.0,4.0,3.4,77.71,SELL,72.91,BUY,3730.08,3499.68,77.41,BUY,73.21,SELL,0.60729984,28.192700159999728
2026-01-27 09:56:00,2026-03-01 23:30:00,SHORT_SPREAD,2.8,2.8,2.1999999999999997,65.34,SELL,61.27,BUY,3136.32,2940.96,65.04,BUY,61.57,SELL,0.51049152,28.28950847999973
2026-03-01 23:00:00,2026-03-01 23:30:00,SHORT_SPREAD,3.4,3.4,2.8,77.71,SELL,72.91,BUY,3730.08,3499.68,77.41,BUY,73.21,SELL,0.60729984,28.192700159999728
2026-01-27 09:52:00,2026-03-01 23:36:00,SHORT_SPREAD,2.2,2.2,1.6,64.73,SELL,61.68,BUY,3107.04,2960.64,64.43,BUY,61.98,SELL,0.50968512,28.290314879999727
2026-03-01 23:44:00,2026-03-01 23:48:00,SHORT_SPREAD,2.8,2.8,2.1999999999999997,75.93,SELL,72.63000000000001,BUY,3644.6400000000003,3486.2400000000007,75.63000000000001,BUY,72.93,SELL,0.5989939200000001,28.201006079999726
2026-03-01 23:40:00,2026-03-01 23:49:00,SHORT_SPREAD,2.2,2.2,1.6,74.81,SELL,72.77,BUY,3590.88,3492.96,74.51,BUY,73.07,SELL,0.59504256,28.204957439999728
2026-01-27 09:44:00,2026-03-01 23:58:00,SHORT_SPREAD,1.6,1.6,1.0,64.42,SELL,61.71,BUY,3092.16,2962.08,64.12,BUY,62.01,SELL,0.5085561599999999,28.291443839999726
2026-03-02 00:39:00,2026-03-02 00:58:00,SHORT_SPREAD,4.0,4.0,3.4,76.36,SELL,72.36,BUY,3665.2799999999997,3473.2799999999997,76.06,BUY,72.66,SELL,0.59963904,28.200360959999728
2026-03-02 01:00:00,2026-03-05 18:24:00,SHORT_SPREAD,5.2,5.2,4.6000000000000005,78.36,SELL,72.14,BUY,3761.2799999999997,3462.7200000000003,78.06,BUY,72.44,SELL,0.606816,28.19318399999973
2026-03-05 22:02:00,2026-03-05 22:11:00,SHORT_SPREAD,5.2,5.2,4.6000000000000005,84.49,SELL,79.37,BUY,4055.5199999999995,3809.76,84.19,BUY,79.67,SELL,0.66068352,28.139316479999728
2026-03-05 22:22:00,2026-03-05 22:23:00,SHORT_SPREAD,5.2,5.2,4.6000000000000005,84.8,SELL,79.73,BUY,4070.3999999999996,3827.04,84.5,BUY,80.03,SELL,0.6633849599999999,28.13661503999973
2026-03-05 22:25:00,2026-03-06 06:44:00,SHORT_SPREAD,5.2,5.2,4.6000000000000005,85.08,SELL,80.04,BUY,4083.84,3841.92,84.78,BUY,80.34,SELL,0.6657638399999999,28.134236159999727
2026-03-06 06:54:00,2026-03-06 08:06:00,SHORT_SPREAD,5.2,5.2,4.6000000000000005,86.27,SELL,80.84,BUY,4140.96,3880.32,85.97,BUY,81.14,SELL,0.67378752,28.126212479999726
2026-03-02 01:00:00,2026-03-06 08:46:00,SHORT_SPREAD,4.6,4.6,3.9999999999999996,78.36,SELL,72.14,BUY,3761.2799999999997,3462.7200000000003,78.06,BUY,72.44,SELL,0.606816,28.19318399999973
2026-03-02 01:00:00,2026-03-06 09:37:00,SHORT_SPREAD,4.0,4.0,3.4,78.36,SELL,72.14,BUY,3761.2799999999997,3462.7200000000003,78.06,BUY,72.44,SELL,0.606816,28.19318399999973
2026-03-06 10:49:00,2026-03-06 11:08:00,SHORT_SPREAD,4.0,4.0,3.4,88.06,SELL,84.25,BUY,4226.88,4044.0,87.76,BUY,84.55,SELL,0.6947539199999999,28.105246079999727
2026-03-06 11:41:00,2026-03-06 12:06:00,SHORT_SPREAD,4.0,4.0,3.4,89.01,SELL,85.18,BUY,4272.4800000000005,4088.6400000000003,88.71000000000001,BUY,85.48,SELL,0.70233408,28.097665919999727
2026-03-06 12:10:00,2026-03-06 12:43:00,SHORT_SPREAD,4.0,4.0,3.4,90.42,SELL,86.53,BUY,4340.16,4153.4400000000005,90.12,BUY,86.83,SELL,0.7134624,28.086537599999726
2026-03-02 01:00:00,2026-03-06 14:00:00,SHORT_SPREAD,3.4,3.4,2.8,78.36,SELL,72.14,BUY,3761.2799999999997,3462.7200000000003,78.06,BUY,72.44,SELL,0.606816,28.19318399999973
2026-03-02 00:10:00,2026-03-06 18:09:00,SHORT_SPREAD,2.8,2.8,2.1999999999999997,74.99,SELL,72.08,BUY,3599.5199999999995,3459.84,74.69,BUY,72.38,SELL,0.5929862399999999,28.20701375999973
2026-03-06 18:29:00,2026-03-06 18:39:00,SHORT_SPREAD,2.8,2.8,2.1999999999999997,93.65,SELL,90.95,BUY,4495.200000000001,4365.6,93.35000000000001,BUY,91.25,SELL,0.7443072,28.055692799999726
2026-03-02 00:00:00,2026-03-06 19:51:00,SHORT_SPREAD,2.2,2.2,1.6,74.73,SELL,72.58,BUY,3587.04,3483.84,74.43,BUY,72.88,SELL,0.5939539199999999,28.206046079999727
2026-03-06 20:15:00,2026-03-06 20:27:00,SHORT_SPREAD,2.2,2.2,1.6,92.88,SELL,90.85000000000001,BUY,4458.24,4360.8,92.58,BUY,91.15,SELL,0.74079936,28.059200639999727
2026-03-06 20:34:00,2026-03-06 21:16:00,SHORT_SPREAD,2.2,2.2,1.6,92.88,SELL,90.65,BUY,4458.24,4351.200000000001,92.58,BUY,90.95,SELL,0.7399929599999999,28.06000703999973
2026-03-02 00:00:00,2026-03-06 22:16:00,SHORT_SPREAD,1.6,1.6,1.0,74.73,SELL,72.58,BUY,3587.04,3483.84,74.43,BUY,72.88,SELL,0.5939539199999999,28.206046079999727
2026-03-06 21:38:00,2026-03-06 22:16:00,SHORT_SPREAD,2.2,2.2,1.6,93.13,SELL,90.99000000000001,BUY,4470.24,4367.52,92.83,BUY,91.29,SELL,0.74237184,28.057628159999727
2026-03-06 22:16:00,2026-03-06 22:18:00,LONG_SPREAD,0.4,0.4,1.0,92.13,BUY,91.57,SELL,4422.24,4395.36,92.42999999999999,SELL,91.27,BUY,0.7406784,28.059321599999727
2026-03-06 22:37:00,2026-03-06 23:18:00,SHORT_SPREAD,2.8,2.8,2.1999999999999997,93.69,SELL,90.89,BUY,4497.12,4362.72,93.39,BUY,91.19,SELL,0.74422656,28.055773439999726
2026-03-06 22:25:00,2026-03-06 23:26:00,SHORT_SPREAD,2.2,2.2,1.6,93.52,SELL,91.44,BUY,4488.96,4389.12,93.22,BUY,91.74,SELL,0.74575872,28.054241279999726
2026-03-06 23:35:00,2026-03-07 00:13:00,SHORT_SPREAD,2.2,2.2,1.6,92.53,SELL,90.47,BUY,4441.4400000000005,4342.5599999999995,92.23,BUY,90.77,SELL,0.737856,28.062143999999726
2026-03-07 00:38:00,2026-03-07 01:26:00,SHORT_SPREAD,2.2,2.2,1.6,93.44,SELL,91.38000000000001,BUY,4485.12,4386.240000000001,93.14,BUY,91.68,SELL,0.74519424,28.054805759999727
2026-03-07 06:34:00,2026-03-07 06:50:00,SHORT_SPREAD,2.2,2.2,1.6,94.17,SELL,92.09,BUY,4520.16,4420.32,93.87,BUY,92.39,SELL,0.7510003199999999,28.048999679999728
2026-03-07 07:54:00,2026-03-07 08:12:00,SHORT_SPREAD,2.8,2.8,2.1999999999999997,93.64,SELL,90.98,BUY,4494.72,4367.04,93.34,BUY,91.28,SELL,0.7443878399999999,28.055612159999725
2026-03-07 07:08:00,2026-03-07 12:30:00,SHORT_SPREAD,2.2,2.2,1.6,94.06,SELL,91.73,BUY,4514.88,4403.04,93.76,BUY,92.03,SELL,0.74910528,28.05089471999973
2026-03-07 13:53:00,2026-03-07 17:42:00,SHORT_SPREAD,2.2,2.2,1.6,93.56,SELL,91.56,BUY,4490.88,4394.88,93.26,BUY,91.86,SELL,0.7464038399999999,28.053596159999728
2026-03-07 18:51:00,2026-03-07 19:15:00,SHORT_SPREAD,2.2,2.2,1.6,93.22,SELL,91.18,BUY,4474.5599999999995,4376.64,92.92,BUY,91.48,SELL,0.7435007999999999,28.056499199999728
2026-03-07 20:08:00,2026-03-07 22:49:00,SHORT_SPREAD,2.2,2.2,1.6,94.59,SELL,92.54,BUY,4540.32,4441.92,94.29,BUY,92.84,SELL,0.7545081599999999,28.045491839999727
2026-03-07 23:11:00,2026-03-08 00:26:00,SHORT_SPREAD,2.2,2.2,1.6,94.28,SELL,92.25,BUY,4525.4400000000005,4428.0,93.98,BUY,92.55,SELL,0.75208896,28.047911039999725
2026-03-08 00:29:00,2026-03-08 01:03:00,SHORT_SPREAD,2.2,2.2,1.6,94.39,SELL,92.3,BUY,4530.72,4430.4,94.09,BUY,92.6,SELL,0.75273408,28.047265919999727
2026-03-08 03:49:00,2026-03-08 04:58:00,SHORT_SPREAD,2.2,2.2,1.6,94.6,SELL,92.51,BUY,4540.799999999999,4440.4800000000005,94.3,BUY,92.81,SELL,0.7544275199999999,28.045572479999727
2026-03-08 06:45:00,2026-03-08 07:21:00,SHORT_SPREAD,2.2,2.2,1.6,93.92,SELL,91.77,BUY,4508.16,4404.96,93.62,BUY,92.07,SELL,0.7487020799999999,28.051297919999726
2026-03-08 07:33:00,2026-03-08 08:01:00,SHORT_SPREAD,2.2,2.2,1.6,93.78,SELL,91.73,BUY,4501.4400000000005,4403.04,93.48,BUY,92.03,SELL,0.74797632,28.052023679999728
2026-03-08 14:46:00,2026-03-08 14:49:00,SHORT_SPREAD,2.8,2.8,2.1999999999999997,95.77,SELL,93.03,BUY,4596.96,4465.4400000000005,95.47,BUY,93.33,SELL,0.7612416,28.03875839999973
2026-03-08 09:49:00,2026-03-08 15:15:00,SHORT_SPREAD,2.2,2.2,1.6,94.08,SELL,91.99000000000001,BUY,4515.84,4415.52,93.78,BUY,92.29,SELL,0.7502342399999999,28.049765759999726
2026-03-08 15:20:00,2026-03-08 15:22:00,SHORT_SPREAD,2.2,2.2,1.6,94.63,SELL,92.45,BUY,4542.24,4437.6,94.33,BUY,92.75,SELL,0.75430656,28.045693439999727
2026-03-08 15:20:00,2026-03-08 16:42:00,SHORT_SPREAD,1.6,1.6,1.0,94.63,SELL,92.45,BUY,4542.24,4437.6,94.33,BUY,92.75,SELL,0.75430656,28.045693439999727
2026-03-08 17:44:00,2026-03-08 18:10:00,SHORT_SPREAD,2.8,2.8,2.1999999999999997,97.01,SELL,94.27,BUY,4656.4800000000005,4524.96,96.71000000000001,BUY,94.57,SELL,0.77124096,28.028759039999727
2026-03-08 17:23:00,2026-03-08 18:14:00,SHORT_SPREAD,2.2,2.2,1.6,97.17,SELL,94.83,BUY,4664.16,4551.84,96.87,BUY,95.13,SELL,0.7741439999999999,28.025855999999727
2026-03-08 21:22:00,2026-03-08 21:36:00,LONG_SPREAD,0.4,0.4,1.0,95.14,BUY,94.97,SELL,4566.72,4558.5599999999995,95.44,SELL,94.67,BUY,0.76652352,28.033476479999727
2026-03-08 21:43:00,2026-03-08 21:46:00,LONG_SPREAD,0.4,0.4,1.0,96.03,BUY,95.44,SELL,4609.4400000000005,4581.12,96.33,SELL,95.14,BUY,0.7720070400000001,28.02799295999973
2026-03-08 22:01:00,2026-03-08 23:04:00,LONG_SPREAD,-1.4,-1.4,-0.7999999999999999,97.99,BUY,102.61,SELL,4703.5199999999995,4925.28,98.28999999999999,SELL,102.31,BUY,0.8088191999999998,27.99118079999973
2026-03-08 22:00:00,2026-03-08 23:04:00,LONG_SPREAD,-0.8,-0.8,-0.20000000000000007,97.76,BUY,98.96,SELL,4692.4800000000005,4750.08,98.06,SELL,98.66,BUY,0.7931750399999999,28.006824959999726
2026-03-08 23:07:00,2026-03-08 23:11:00,LONG_SPREAD,-0.8,-0.8,-0.20000000000000007,103.59,BUY,104.39999999999999,SELL,4972.32,5011.2,103.89,SELL,104.1,BUY,0.83861568,27.961384319999727
2026-03-08 22:00:00,2026-03-08 23:22:00,LONG_SPREAD,-0.2,-0.2,0.39999999999999997,97.76,BUY,98.96,SELL,4692.4800000000005,4750.08,98.06,SELL,98.66,BUY,0.7931750399999999,28.006824959999726
2026-03-08 23:36:00,2026-03-08 23:40:00,LONG_SPREAD,-0.2,-0.2,0.39999999999999997,103.63,BUY,103.8,SELL,4974.24,4982.4,103.92999999999999,SELL,103.5,BUY,0.8363577599999998,27.96364223999973
2026-03-08 22:00:00,2026-03-08 23:40:00,LONG_SPREAD,0.4,0.4,1.0,97.76,BUY,98.96,SELL,4692.4800000000005,4750.08,98.06,SELL,98.66,BUY,0.7931750399999999,28.006824959999726
2026-03-08 23:53:00,2026-03-09 00:00:00,LONG_SPREAD,-0.8,-0.8,-0.20000000000000007,103.45,BUY,104.25999999999999,SELL,4965.6,5004.48,103.75,SELL,103.96,BUY,0.83748672,27.962513279999726
2026-03-08 23:51:00,2026-03-09 00:01:00,LONG_SPREAD,-0.2,-0.2,0.39999999999999997,103.88,BUY,104.25999999999999,SELL,4986.24,5004.48,104.17999999999999,SELL,103.96,BUY,0.8392204799999998,27.960779519999726
2026-03-08 23:48:00,2026-03-09 00:06:00,LONG_SPREAD,0.4,0.4,1.0,103.71,BUY,103.22,SELL,4978.08,4954.5599999999995,104.00999999999999,SELL,102.92,BUY,0.8343417599999999,27.965658239999726
2026-03-08 22:00:00,2026-03-09 00:16:00,LONG_SPREAD,1.0,1.0,1.6,97.76,BUY,98.96,SELL,4692.4800000000005,4750.08,98.06,SELL,98.66,BUY,0.7931750399999999,28.006824959999726
2026-03-09 00:37:00,2026-03-09 00:43:00,LONG_SPREAD,0.4,0.4,1.0,109.2,BUY,108.82,SELL,5241.6,5223.36,109.5,SELL,108.52,BUY,0.87905664,27.920943359999725
2026-03-09 00:47:00,2026-03-09 00:58:00,LONG_SPREAD,0.4,0.4,1.0,109.68,BUY,109.13,SELL,5264.64,5238.24,109.98,SELL,108.83,BUY,0.88224192,27.91775807999973
2026-03-09 01:03:00,2026-03-09 01:09:00,LONG_SPREAD,0.4,0.4,1.0,108.46,BUY,108.05,SELL,5206.08,5186.4,108.75999999999999,SELL,107.75,BUY,0.87296832,27.92703167999973
2026-03-09 01:23:00,2026-03-09 01:37:00,LONG_SPREAD,-0.2,-0.2,0.39999999999999997,109.32,BUY,109.33,SELL,5247.36,5247.84,109.61999999999999,SELL,109.03,BUY,0.8815967999999998,27.918403199999727
2026-03-09 01:12:00,2026-03-09 01:47:00,LONG_SPREAD,0.4,0.4,1.0,108.91,BUY,108.5,SELL,5227.68,5208.0,109.21,SELL,108.2,BUY,0.87659712,27.923402879999728
2026-03-09 01:50:00,2026-03-09 01:51:00,LONG_SPREAD,-0.2,-0.2,0.39999999999999997,112.41,BUY,112.44,SELL,5395.68,5397.12,112.71,SELL,112.14,BUY,0.9065951999999999,27.89340479999973
2026-03-09 01:53:00,2026-03-09 01:55:00,LONG_SPREAD,-0.2,-0.2,0.39999999999999997,113.04,BUY,113.39999999999999,SELL,5425.92,5443.2,113.34,SELL,113.1,BUY,0.9130060799999999,27.88699391999973
2026-03-09 01:56:00,2026-03-09 01:59:00,LONG_SPREAD,-0.2,-0.2,0.39999999999999997,113.06,BUY,113.39999999999999,SELL,5426.88,5443.2,113.36,SELL,113.1,BUY,0.9130867199999999,27.886913279999728
2026-03-09 01:50:00,2026-03-09 02:01:00,LONG_SPREAD,0.4,0.4,1.0,112.41,BUY,112.44,SELL,5395.68,5397.12,112.71,SELL,112.14,BUY,0.9065951999999999,27.89340479999973
2026-03-09 02:05:00,2026-03-09 02:08:00,LONG_SPREAD,-0.2,-0.2,0.39999999999999997,113.44,BUY,113.55,SELL,5445.12,5450.4,113.74,SELL,113.25,BUY,0.91522368,27.884776319999727
2026-03-09 02:03:00,2026-03-09 02:08:00,LONG_SPREAD,0.4,0.4,1.0,113.44,BUY,113.24,SELL,5445.12,5435.5199999999995,113.74,SELL,112.94,BUY,0.91397376,27.886026239999726
2026-03-09 02:15:00,2026-03-09 02:18:00,LONG_SPREAD,0.4,0.4,1.0,116.69,BUY,116.14999999999999,SELL,5601.12,5575.2,116.99,SELL,115.85,BUY,0.9388108799999999,27.86118911999973
2026-03-09 02:27:00,2026-03-09 02:28:00,LONG_SPREAD,-0.2,-0.2,0.39999999999999997,116.09,BUY,116.38,SELL,5572.32,5586.24,116.39,SELL,116.08,BUY,0.93731904,27.86268095999973
2026-03-09 02:22:00,2026-03-09 02:28:00,LONG_SPREAD,0.4,0.4,1.0,116.9,BUY,116.67999999999999,SELL,5611.200000000001,5600.639999999999,117.2,SELL,116.38,BUY,0.94179456,27.85820543999973
2026-03-09 02:29:00,2026-03-09 02:32:00,LONG_SPREAD,0.4,0.4,1.0,116.42,BUY,116.0,SELL,5588.16,5568.0,116.72,SELL,115.7,BUY,0.93711744,27.862882559999726
2026-03-09 02:40:00,2026-03-09 02:41:00,LONG_SPREAD,-0.2,-0.2,0.39999999999999997,116.25,BUY,116.25,SELL,5580.0,5580.0,116.55,SELL,115.95,BUY,0.9374399999999999,27.86255999999973
2026-03-09 02:46:00,2026-03-09 02:54:00,LONG_SPREAD,-0.2,-0.2,0.39999999999999997,115.78,BUY,116.05,SELL,5557.4400000000005,5570.4,116.08,SELL,115.75,BUY,0.93473856,27.865261439999728
2026-03-09 02:59:00,2026-03-09 03:00:00,LONG_SPREAD,-0.2,-0.2,0.39999999999999997,114.09,BUY,114.19,SELL,5476.32,5481.12,114.39,SELL,113.89,BUY,0.9204249599999998,27.87957503999973
2026-03-09 02:37:00,2026-03-09 03:00:00,LONG_SPREAD,0.4,0.4,1.0,117.06,BUY,116.47,SELL,5618.88,5590.5599999999995,117.36,SELL,116.17,BUY,0.9415929599999999,27.858407039999726
2026-03-09 03:10:00,2026-03-09 03:54:00,LONG_SPREAD,0.4,0.4,1.0,112.67,BUY,112.14,SELL,5408.16,5382.72,112.97,SELL,111.84,BUY,0.9064339199999999,27.893566079999726
2026-03-09 02:15:00,2026-03-09 04:26:00,LONG_SPREAD,1.0,1.0,1.6,116.69,BUY,116.14999999999999,SELL,5601.12,5575.2,116.99,SELL,115.85,BUY,0.9388108799999999,27.86118911999973
2026-03-09 01:48:00,2026-03-09 04:45:00,LONG_SPREAD,1.6,1.6,2.2,112.43,BUY,111.69,SELL,5396.64,5361.12,112.73,SELL,111.39,BUY,0.90365184,27.89634815999973
2026-03-09 04:55:00,2026-03-09 05:12:00,LONG_SPREAD,1.6,1.6,2.2,116.77,BUY,115.03999999999999,SELL,5604.96,5521.92,117.07,SELL,114.74,BUY,0.9346579199999998,27.865342079999728
2026-03-09 05:24:00,2026-03-09 05:25:00,SHORT_SPREAD,4.0,4.0,3.4,113.26,SELL,108.93,BUY,5436.4800000000005,5228.64,112.96000000000001,BUY,109.23,SELL,0.8958700799999999,27.904129919999725
2026-03-09 05:26:00,2026-03-09 05:30:00,SHORT_SPREAD,4.0,4.0,3.4,110.88,SELL,106.56,BUY,5322.24,5114.88,110.58,BUY,106.86,SELL,0.8767180799999998,27.923281919999727
2026-03-09 05:26:00,2026-03-09 05:38:00,SHORT_SPREAD,3.4,3.4,2.8,110.88,SELL,106.56,BUY,5322.24,5114.88,110.58,BUY,106.86,SELL,0.8767180799999998,27.923281919999727
2026-03-09 05:49:00,2026-03-09 05:50:00,SHORT_SPREAD,4.0,4.0,3.4,107.13,SELL,102.8,BUY,5142.24,4934.4,106.83,BUY,103.1,SELL,0.8464377599999999,27.953562239999727
2026-03-09 05:21:00,2026-03-09 05:52:00,SHORT_SPREAD,2.8,2.8,2.1999999999999997,112.78,SELL,109.95,BUY,5413.4400000000005,5277.6,112.48,BUY,110.25,SELL,0.8980473600000001,27.901952639999728
2026-03-09 06:15:00,2026-03-09 06:19:00,SHORT_SPREAD,5.2,5.2,4.6000000000000005,108.96,SELL,103.69,BUY,5230.08,4977.12,108.66,BUY,103.99,SELL,0.8574047999999999,27.942595199999726
2026-03-09 06:09:00,2026-03-09 06:21:00,SHORT_SPREAD,4.6,4.6,3.9999999999999996,105.48,SELL,100.72,BUY,5063.04,4834.5599999999995,105.18,BUY,101.02,SELL,0.8313983999999999,27.968601599999726
2026-03-09 06:08:00,2026-03-09 06:36:00,SHORT_SPREAD,4.0,4.0,3.4,106.24,SELL,102.39,BUY,5099.5199999999995,4914.72,105.94,BUY,102.69,SELL,0.84119616,27.958803839999728
2026-03-09 07:10:00,2026-03-09 07:16:00,SHORT_SPREAD,4.6,4.6,3.9999999999999996,107.22,SELL,102.39,BUY,5146.5599999999995,4914.72,106.92,BUY,102.69,SELL,0.8451475199999999,27.954852479999726
2026-03-09 06:54:00,2026-03-09 07:31:00,SHORT_SPREAD,4.0,4.0,3.4,108.81,SELL,104.69,BUY,5222.88,5025.12,108.51,BUY,104.99,SELL,0.8608319999999999,27.93916799999973
2026-03-09 07:34:00,2026-03-09 07:45:00,SHORT_SPREAD,4.0,4.0,3.4,105.85,SELL,101.99000000000001,BUY,5080.799999999999,4895.52,105.55,BUY,102.29,SELL,0.8380108799999999,27.96198911999973
2026-03-09 07:47:00,2026-03-09 07:51:00,SHORT_SPREAD,4.6,4.6,3.9999999999999996,107.81,SELL,103.31,BUY,5174.88,4958.88,107.51,BUY,103.61,SELL,0.85123584,27.948764159999726
2026-03-09 07:54:00,2026-03-09 08:17:00,SHORT_SPREAD,4.6,4.6,3.9999999999999996,107.78,SELL,103.32000000000001,BUY,5173.4400000000005,4959.360000000001,107.48,BUY,103.62,SELL,0.8511552,27.948844799999726
2026-03-09 07:46:00,2026-03-09 08:28:00,SHORT_SPREAD,4.0,4.0,3.4,107.78,SELL,103.96000000000001,BUY,5173.4400000000005,4990.08,107.48,BUY,104.26,SELL,0.85373568,27.946264319999727
2026-03-09 08:30:00,2026-03-09 09:06:00,SHORT_SPREAD,4.0,4.0,3.4,107.56,SELL,103.66,BUY,5162.88,4975.68,107.26,BUY,103.96,SELL,0.85163904,27.94836095999973
2026-03-09 07:34:00,2026-03-09 09:11:00,SHORT_SPREAD,3.4,3.4,2.8,105.85,SELL,101.99000000000001,BUY,5080.799999999999,4895.52,105.55,BUY,102.29,SELL,0.8380108799999999,27.96198911999973
2026-03-09 09:35:00,2026-03-09 09:37:00,SHORT_SPREAD,5.2,5.2,4.6000000000000005,102.46,SELL,97.44,BUY,4918.08,4677.12,102.16,BUY,97.74,SELL,0.8059968,27.994003199999728
2026-03-09 09:33:00,2026-03-09 09:38:00,SHORT_SPREAD,4.6,4.6,3.9999999999999996,104.01,SELL,99.56,BUY,4992.4800000000005,4778.88,103.71000000000001,BUY,99.86,SELL,0.8207942399999999,27.979205759999726
2026-03-09 09:33:00,2026-03-09 09:45:00,SHORT_SPREAD,4.0,4.0,3.4,104.01,SELL,99.56,BUY,4992.4800000000005,4778.88,103.71000000000001,BUY,99.86,SELL,0.8207942399999999,27.979205759999726
2026-03-09 05:53:00,2026-03-09 10:33:00,SHORT_SPREAD,2.8,2.8,2.1999999999999997,108.28,SELL,105.18,BUY,5197.4400000000005,5048.64,107.98,BUY,105.48,SELL,0.8606707199999999,27.939329279999725
2026-03-09 10:41:00,2026-03-09 10:59:00,SHORT_SPREAD,2.8,2.8,2.1999999999999997,105.64,SELL,102.76,BUY,5070.72,4932.4800000000005,105.34,BUY,103.06,SELL,0.8402688,27.959731199999727
2026-03-09 11:01:00,2026-03-09 11:05:00,LONG_SPREAD,1.6,1.6,2.2,104.96,BUY,103.2,SELL,5038.08,4953.6,105.25999999999999,SELL,102.9,BUY,0.83930112,27.960698879999725
2026-03-09 11:07:00,2026-03-09 11:18:00,SHORT_SPREAD,2.8,2.8,2.1999999999999997,104.75,SELL,101.83,BUY,5028.0,4887.84,104.45,BUY,102.13,SELL,0.8329305599999999,27.967069439999726
2026-03-09 11:45:00,2026-03-09 11:52:00,SHORT_SPREAD,2.8,2.8,2.1999999999999997,104.94,SELL,102.27,BUY,5037.12,4908.96,104.64,BUY,102.57,SELL,0.83547072,27.964529279999727
2026-03-09 12:54:00,2026-03-09 13:11:00,LONG_SPREAD,1.6,1.6,2.2,104.56,BUY,102.77,SELL,5018.88,4932.96,104.86,SELL,102.47,BUY,0.83595456,27.964045439999726
2026-03-09 13:18:00,2026-03-09 13:28:00,SHORT_SPREAD,2.8,2.8,2.1999999999999997,102.55,SELL,99.38000000000001,BUY,4922.4,4770.240000000001,102.25,BUY,99.68,SELL,0.81418176,27.985818239999727
2026-03-09 13:30:00,2026-03-09 14:05:00,SHORT_SPREAD,2.8,2.8,2.1999999999999997,102.37,SELL,99.77,BUY,4913.76,4788.96,102.07000000000001,BUY,100.07,SELL,0.8150284799999999,27.98497151999973
2026-03-09 14:06:00,2026-03-09 14:14:00,LONG_SPREAD,1.6,1.6,2.2,103.36,BUY,101.78999999999999,SELL,4961.28,4885.92,103.66,SELL,101.49,BUY,0.8271648,27.97283519999973
2026-03-09 14:16:00,2026-03-09 14:28:00,SHORT_SPREAD,2.8,2.8,2.1999999999999997,105.44,SELL,102.79,BUY,5061.12,4933.92,105.14,BUY,103.09,SELL,0.83958336,27.96041663999973
2026-03-09 14:44:00,2026-03-09 15:11:00,SHORT_SPREAD,2.8,2.8,2.1999999999999997,103.3,SELL,100.65,BUY,4958.4,4831.200000000001,103.0,BUY,100.95,SELL,0.8223263999999999,27.977673599999726
2026-03-09 15:20:00,2026-03-09 15:31:00,SHORT_SPREAD,2.8,2.8,2.1999999999999997,100.09,SELL,97.06,BUY,4804.32,4658.88,99.79,BUY,97.36,SELL,0.7949088,28.005091199999725
2026-03-09 15:54:00,2026-03-09 16:01:00,SHORT_SPREAD,2.8,2.8,2.1999999999999997,98.38,SELL,95.66,BUY,4722.24,4591.68,98.08,BUY,95.96,SELL,0.78236928,28.017630719999726
2026-03-09 16:28:00,2026-03-09 16:30:00,SHORT_SPREAD,5.2,5.2,4.6000000000000005,99.97,SELL,94.9,BUY,4798.5599999999995,4555.200000000001,99.67,BUY,95.2,SELL,0.7857158399999999,28.014284159999725
2026-03-09 16:26:00,2026-03-09 17:32:00,SHORT_SPREAD,4.6,4.6,3.9999999999999996,99.42,SELL,94.64,BUY,4772.16,4542.72,99.12,BUY,94.94,SELL,0.7824499199999999,28.017550079999726
2026-03-09 18:02:00,2026-03-09 18:07:00,SHORT_SPREAD,4.6,4.6,3.9999999999999996,99.14,SELL,94.62,BUY,4758.72,4541.76,98.84,BUY,94.92,SELL,0.78124032,28.01875967999973
2026-03-09 18:26:00,2026-03-09 18:30:00,SHORT_SPREAD,4.6,4.6,3.9999999999999996,98.67,SELL,94.18,BUY,4736.16,4520.64,98.37,BUY,94.48,SELL,0.7775711999999999,28.022428799999727
2026-03-09 19:19:00,2026-03-09 19:22:00,SHORT_SPREAD,4.6,4.6,3.9999999999999996,97.11,SELL,92.46000000000001,BUY,4661.28,4438.08,96.81,BUY,92.76,SELL,0.7643462400000001,28.035653759999725
2026-03-09 19:23:00,2026-03-09 19:24:00,SHORT_SPREAD,5.2,5.2,4.6000000000000005,95.02,SELL,90.01,BUY,4560.96,4320.4800000000005,94.72,BUY,90.31,SELL,0.74604096,28.05395903999973
2026-03-09 19:23:00,2026-03-09 19:25:00,SHORT_SPREAD,4.6,4.6,3.9999999999999996,95.02,SELL,90.01,BUY,4560.96,4320.4800000000005,94.72,BUY,90.31,SELL,0.74604096,28.05395903999973
2026-03-09 19:28:00,2026-03-09 19:29:00,SHORT_SPREAD,5.2,5.2,4.6000000000000005,94.01,SELL,88.77,BUY,4512.4800000000005,4260.96,93.71000000000001,BUY,89.07,SELL,0.73696896,28.06303103999973
2026-03-09 16:04:00,2026-03-09 19:33:00,SHORT_SPREAD,2.8,2.8,2.1999999999999997,100.14,SELL,97.47,BUY,4806.72,4678.5599999999995,99.84,BUY,97.77,SELL,0.7967635199999998,28.003236479999728
2026-03-09 16:22:00,2026-03-09 19:33:00,SHORT_SPREAD,4.0,4.0,3.4,100.33,SELL,96.45,BUY,4815.84,4629.6,100.03,BUY,96.75,SELL,0.7934169600000001,28.006583039999725
2026-03-09 19:26:00,2026-03-09 19:33:00,SHORT_SPREAD,4.6,4.6,3.9999999999999996,95.25,SELL,90.81,BUY,4572.0,4358.88,94.95,BUY,91.11,SELL,0.7501939200000001,28.049806079999726
2026-03-09 19:41:00,2026-03-09 19:48:00,SHORT_SPREAD,4.0,4.0,3.4,90.3,SELL,86.5,BUY,4334.4,4152.0,90.0,BUY,86.8,SELL,0.7128576,28.087142399999728
2026-03-09 19:41:00,2026-03-09 19:50:00,SHORT_SPREAD,3.4,3.4,2.8,90.3,SELL,86.5,BUY,4334.4,4152.0,90.0,BUY,86.8,SELL,0.7128576,28.087142399999728
2026-03-09 19:35:00,2026-03-09 19:54:00,SHORT_SPREAD,2.8,2.8,2.1999999999999997,88.34,SELL,85.43,BUY,4240.32,4100.64,88.04,BUY,85.73,SELL,0.70064064,28.099359359999728
2026-03-09 20:05:00,2026-03-09 20:12:00,LONG_SPREAD,2.8,2.8,3.4,91.51,BUY,88.67999999999999,SELL,4392.4800000000005,4256.639999999999,91.81,SELL,88.38,BUY,0.72652608,28.073473919999728
2026-03-09 20:16:00,2026-03-09 20:18:00,LONG_SPREAD,2.8,2.8,3.4,90.99,BUY,88.06,SELL,4367.5199999999995,4226.88,91.28999999999999,SELL,87.76,BUY,0.7219296,28.078070399999728
2026-03-09 20:32:00,2026-03-09 20:33:00,SHORT_SPREAD,4.0,4.0,3.4,89.67,SELL,85.7,BUY,4304.16,4113.6,89.37,BUY,86.0,SELL,0.7070918399999999,28.092908159999727
2026-03-09 21:02:00,2026-03-09 21:03:00,SHORT_SPREAD,4.0,4.0,3.4,90.04,SELL,85.71000000000001,BUY,4321.92,4114.08,89.74000000000001,BUY,86.01,SELL,0.708624,28.091375999999727
2026-03-09 21:11:00,2026-03-09 21:16:00,LONG_SPREAD,1.6,1.6,2.2,89.22,BUY,87.67,SELL,4282.5599999999995,4208.16,89.52,SELL,87.37,BUY,0.7132204799999999,28.086779519999727
2026-03-09 21:17:00,2026-03-09 21:18:00,LONG_SPREAD,1.6,1.6,2.2,89.11,BUY,87.39,SELL,4277.28,4194.72,89.41,SELL,87.09,BUY,0.7116480000000001,28.088351999999727
2026-03-09 21:20:00,2026-03-09 21:26:00,LONG_SPREAD,1.6,1.6,2.2,89.4,BUY,87.66,SELL,4291.200000000001,4207.68,89.7,SELL,87.36,BUY,0.71390592,28.08609407999973
2026-03-09 21:17:00,2026-03-09 21:29:00,LONG_SPREAD,2.2,2.2,2.8000000000000003,89.11,BUY,87.39,SELL,4277.28,4194.72,89.41,SELL,87.09,BUY,0.7116480000000001,28.088351999999727
2026-03-09 21:08:00,2026-03-09 21:32:00,LONG_SPREAD,2.8,2.8,3.4,88.85,BUY,86.05,SELL,4264.799999999999,4130.4,89.14999999999999,SELL,85.75,BUY,0.7051968,28.094803199999728
2026-03-09 21:32:00,2026-03-09 21:33:00,SHORT_SPREAD,4.0,4.0,3.4,90.08,SELL,86.01,BUY,4323.84,4128.4800000000005,89.78,BUY,86.31,SELL,0.70999488,28.090005119999727
2026-03-09 21:33:00,2026-03-09 21:34:00,LONG_SPREAD,2.8,2.8,3.4,89.43,BUY,86.63,SELL,4292.64,4158.24,89.73,SELL,86.33,BUY,0.7098739199999999,28.090126079999727
2026-03-09 22:00:00,2026-03-09 22:45:00,LONG_SPREAD,2.8,2.8,3.4,88.73,BUY,85.81,SELL,4259.04,4118.88,89.03,SELL,85.51,BUY,0.7037452799999999,28.096254719999727
2026-03-09 22:51:00,2026-03-09 22:59:00,LONG_SPREAD,2.8,2.8,3.4,91.49,BUY,88.64,SELL,4391.5199999999995,4254.72,91.78999999999999,SELL,88.34,BUY,0.72628416,28.07371583999973
2026-03-09 23:02:00,2026-03-10 00:00:00,LONG_SPREAD,2.8,2.8,3.4,91.05,BUY,88.14,SELL,4370.4,4230.72,91.35,SELL,87.84,BUY,0.7224940799999999,28.077505919999727
2026-03-10 00:12:00,2026-03-10 00:23:00,SHORT_SPREAD,4.0,4.0,3.4,92.49,SELL,88.69,BUY,4439.5199999999995,4257.12,92.19,BUY,88.99,SELL,0.7305177599999999,28.069482239999726
2026-03-10 00:30:00,2026-03-10 00:38:00,SHORT_SPREAD,4.0,4.0,3.4,92.05,SELL,88.25,BUY,4418.4,4236.0,91.75,BUY,88.55,SELL,0.7269695999999999,28.073030399999727
2026-03-10 00:59:00,2026-03-10 01:43:00,LONG_SPREAD,2.8,2.8,3.4,89.66,BUY,87.02,SELL,4303.68,4176.96,89.96,SELL,86.72,BUY,0.71237376,28.08762623999973
2026-03-10 02:22:00,2026-03-10 02:48:00,LONG_SPREAD,2.8,2.8,3.4,88.25,BUY,85.58,SELL,4236.0,4107.84,88.55,SELL,85.28,BUY,0.7008825599999999,28.099117439999727
2026-03-10 03:18:00,2026-03-10 03:30:00,SHORT_SPREAD,4.0,4.0,3.4,92.54,SELL,88.65,BUY,4441.92,4255.200000000001,92.24000000000001,BUY,88.95,SELL,0.73055808,28.069441919999726
2026-03-10 03:52:00,2026-03-10 03:58:00,SHORT_SPREAD,4.0,4.0,3.4,94.67,SELL,90.64,BUY,4544.16,4350.72,94.37,BUY,90.94,SELL,0.7471699199999999,28.052830079999726
2026-03-10 04:14:00,2026-03-10 04:20:00,SHORT_SPREAD,4.0,4.0,3.4,94.8,SELL,90.83,BUY,4550.4,4359.84,94.5,BUY,91.13,SELL,0.7484601599999999,28.051539839999727
2026-03-10 05:09:00,2026-03-10 05:16:00,SHORT_SPREAD,4.6,4.6,3.9999999999999996,93.33,SELL,88.82000000000001,BUY,4479.84,4263.360000000001,93.03,BUY,89.12,SELL,0.7344288000000001,28.065571199999727
2026-03-10 05:20:00,2026-03-10 05:48:00,SHORT_SPREAD,4.6,4.6,3.9999999999999996,93.31,SELL,88.91,BUY,4478.88,4267.68,93.01,BUY,89.21,SELL,0.73471104,28.065288959999727
2026-03-10 04:23:00,2026-03-10 06:11:00,SHORT_SPREAD,4.0,4.0,3.4,94.34,SELL,90.52,BUY,4528.32,4344.96,94.04,BUY,90.82,SELL,0.7453555199999999,28.054644479999727
2026-03-10 06:15:00,2026-03-10 07:10:00,SHORT_SPREAD,4.0,4.0,3.4,92.34,SELL,88.48,BUY,4432.32,4247.04,92.04,BUY,88.78,SELL,0.72906624,28.070933759999726
2026-03-10 07:04:00,2026-03-10 07:10:00,SHORT_SPREAD,4.6,4.6,3.9999999999999996,93.68,SELL,89.26,BUY,4496.64,4284.4800000000005,93.38000000000001,BUY,89.56,SELL,0.73761408,28.062385919999727
2026-03-10 07:27:00,2026-03-10 08:17:00,LONG_SPREAD,2.8,2.8,3.4,88.81,BUY,86.69,SELL,4262.88,4161.12,89.11,SELL,86.39,BUY,0.707616,28.092383999999726
2026-03-10 09:00:00,2026-03-10 09:10:00,SHORT_SPREAD,4.0,4.0,3.4,92.51,SELL,88.66,BUY,4440.4800000000005,4255.68,92.21000000000001,BUY,88.96,SELL,0.73047744,28.069522559999726
2026-03-10 09:19:00,2026-03-10 12:10:00,LONG_SPREAD,2.8,2.8,3.4,90.11,BUY,87.11,SELL,4325.28,4181.28,90.41,SELL,86.81,BUY,0.7145510399999999,28.085448959999727
2026-03-10 12:18:00,2026-03-10 14:01:00,LONG_SPREAD,2.8,2.8,3.4,93.01,BUY,90.11999999999999,SELL,4464.4800000000005,4325.759999999999,93.31,SELL,89.82,BUY,0.73838016,28.06161983999973
2026-03-10 14:40:00,2026-03-10 14:43:00,LONG_SPREAD,2.8,2.8,3.4,88.47,BUY,85.8,SELL,4246.5599999999995,4118.4,88.77,SELL,85.5,BUY,0.7026566399999998,28.097343359999726
2026-03-10 15:04:00,2026-03-10 15:11:00,SHORT_SPREAD,4.0,4.0,3.4,88.65,SELL,84.81,BUY,4255.200000000001,4070.88,88.35000000000001,BUY,85.11,SELL,0.69939072,28.100609279999727
2026-03-10 15:31:00,2026-03-10 17:04:00,SHORT_SPREAD,4.0,4.0,3.4,88.56,SELL,84.64,BUY,4250.88,4062.7200000000003,88.26,BUY,84.94,SELL,0.6983424,28.101657599999726
2026-03-10 17:05:00,2026-03-10 17:20:00,SHORT_SPREAD,4.0,4.0,3.4,84.79,SELL,80.71000000000001,BUY,4069.92,3874.0800000000004,84.49000000000001,BUY,81.01,SELL,0.6672960000000001,28.132703999999727
2026-03-10 17:29:00,2026-03-10 17:56:00,SHORT_SPREAD,4.6,4.6,3.9999999999999996,84.09,SELL,79.5,BUY,4036.32,3816.0,83.79,BUY,79.8,SELL,0.65959488,28.140405119999727
2026-03-10 17:27:00,2026-03-10 18:14:00,SHORT_SPREAD,4.0,4.0,3.4,83.8,SELL,79.57000000000001,BUY,4022.3999999999996,3819.3600000000006,83.5,BUY,79.87,SELL,0.6587078399999999,28.14129215999973
2026-03-10 18:18:00,2026-03-10 21:01:00,SHORT_SPREAD,4.6,4.6,3.9999999999999996,90.82,SELL,86.3,BUY,4359.36,4142.4,90.52,BUY,86.6,SELL,0.7141478399999999,28.085852159999728
2026-03-10 21:44:00,2026-03-10 21:59:00,SHORT_SPREAD,5.2,5.2,4.6000000000000005,91.25,SELL,86.19,BUY,4380.0,4137.12,90.95,BUY,86.49,SELL,0.71543808,28.08456191999973
2026-03-10 21:31:00,2026-03-10 22:15:00,SHORT_SPREAD,4.6,4.6,3.9999999999999996,90.82,SELL,86.15,BUY,4359.36,4135.200000000001,90.52,BUY,86.45,SELL,0.71354304,28.086456959999726
2026-03-10 23:28:00,2026-03-11 01:21:00,SHORT_SPREAD,4.6,4.6,3.9999999999999996,90.58,SELL,86.11,BUY,4347.84,4133.28,90.28,BUY,86.41,SELL,0.7124140800000001,28.08758591999973
2026-03-11 07:57:00,2026-03-11 08:06:00,SHORT_SPREAD,4.6,4.6,3.9999999999999996,90.0,SELL,85.59,BUY,4320.0,4108.32,89.7,BUY,85.89,SELL,0.70797888,28.09202111999973
2026-03-10 18:15:00,2026-03-11 08:59:00,SHORT_SPREAD,4.0,4.0,3.4,89.5,SELL,85.18,BUY,4296.0,4088.6400000000003,89.2,BUY,85.48,SELL,0.7043097599999999,28.095690239999726
2026-03-11 13:06:00,2026-03-11 13:15:00,SHORT_SPREAD,5.2,5.2,4.6000000000000005,90.91,SELL,85.86,BUY,4363.68,4121.28,90.61,BUY,86.16,SELL,0.7127366399999999,28.087263359999728
2026-03-11 10:47:00,2026-03-11 14:00:00,SHORT_SPREAD,4.6,4.6,3.9999999999999996,89.77,SELL,85.34,BUY,4308.96,4096.32,89.47,BUY,85.64,SELL,0.7060435199999999,28.093956479999726
2026-03-11 14:13:00,2026-03-11 14:25:00,SHORT_SPREAD,5.2,5.2,4.6000000000000005,91.05,SELL,86.04,BUY,4370.4,4129.92,90.75,BUY,86.34,SELL,0.71402688,28.08597311999973
2026-03-11 17:31:00,2026-03-11 18:23:00,SHORT_SPREAD,5.2,5.2,4.6000000000000005,91.81,SELL,86.76,BUY,4406.88,4164.4800000000005,91.51,BUY,87.06,SELL,0.71999424,28.08000575999973
2026-03-11 18:39:00,2026-03-11 21:13:00,SHORT_SPREAD,5.2,5.2,4.6000000000000005,92.44,SELL,87.35000000000001,BUY,4437.12,4192.8,92.14,BUY,87.65,SELL,0.72491328,28.075086719999728
2026-03-11 14:01:00,2026-03-11 22:28:00,SHORT_SPREAD,4.6,4.6,3.9999999999999996,88.53,SELL,84.11,BUY,4249.4400000000005,4037.2799999999997,88.23,BUY,84.41,SELL,0.6960844799999999,28.103915519999727
2026-03-11 09:24:00,2026-03-11 22:34:00,SHORT_SPREAD,4.0,4.0,3.4,91.44,SELL,87.45,BUY,4389.12,4197.6,91.14,BUY,87.75,SELL,0.72128448,28.078715519999726
2026-03-10 17:05:00,2026-03-11 22:41:00,SHORT_SPREAD,3.4,3.4,2.8,84.79,SELL,80.71000000000001,BUY,4069.92,3874.0800000000004,84.49000000000001,BUY,81.01,SELL,0.6672960000000001,28.132703999999727
2026-03-11 23:38:00,2026-03-11 23:51:00,LONG_SPREAD,2.8,2.8,3.4,96.56,BUY,93.61,SELL,4634.88,4493.28,96.86,SELL,93.31,BUY,0.7667654399999999,28.033234559999727
2026-03-11 23:55:00,2026-03-12 00:00:00,LONG_SPREAD,2.8,2.8,3.4,95.45,BUY,92.8,SELL,4581.6,4454.4,95.75,SELL,92.5,BUY,0.7590239999999999,28.040975999999727
2026-03-12 00:15:00,2026-03-12 11:40:00,SHORT_SPREAD,5.2,5.2,4.6000000000000005,99.12,SELL,93.98,BUY,4757.76,4511.04,98.82000000000001,BUY,94.28,SELL,0.7785792,28.021420799999728
2026-03-12 00:02:00,2026-03-12 11:42:00,SHORT_SPREAD,4.6,4.6,3.9999999999999996,97.7,SELL,93.12,BUY,4689.6,4469.76,97.4,BUY,93.42,SELL,0.76938624,28.030613759999728
2026-03-12 11:50:00,2026-03-12 11:54:00,SHORT_SPREAD,4.6,4.6,3.9999999999999996,97.2,SELL,92.48,BUY,4665.6,4439.04,96.9,BUY,92.78,SELL,0.76478976,28.035210239999728
2026-03-12 12:06:00,2026-03-12 15:36:00,SHORT_SPREAD,5.2,5.2,4.6000000000000005,97.89,SELL,92.89,BUY,4698.72,4458.72,97.59,BUY,93.19,SELL,0.7692249600000001,28.030775039999728
2026-03-12 11:57:00,2026-03-12 16:59:00,SHORT_SPREAD,4.6,4.6,3.9999999999999996,97.37,SELL,92.84,BUY,4673.76,4456.32,97.07000000000001,BUY,93.14,SELL,0.7669267200000001,28.033073279999726
2026-03-12 20:05:00,2026-03-12 20:14:00,SHORT_SPREAD,5.2,5.2,4.6000000000000005,101.41,SELL,96.28,BUY,4867.68,4621.4400000000005,101.11,BUY,96.58,SELL,0.7970860799999999,28.002913919999727
2026-03-12 21:05:00,2026-03-12 21:16:00,SHORT_SPREAD,5.2,5.2,4.6000000000000005,101.41,SELL,96.23,BUY,4867.68,4619.04,101.11,BUY,96.53,SELL,0.7968844799999999,28.003115519999728
2026-03-12 17:05:00,2026-03-12 21:52:00,SHORT_SPREAD,4.6,4.6,3.9999999999999996,99.0,SELL,94.59,BUY,4752.0,4540.32,98.7,BUY,94.89,SELL,0.78055488,28.019445119999727
2026-03-12 23:01:00,2026-03-13 00:09:00,SHORT_SPREAD,5.2,5.2,4.6000000000000005,101.69,SELL,96.66,BUY,4881.12,4639.68,101.39,BUY,96.96,SELL,0.7997471999999999,28.00025279999973
2026-03-13 00:36:00,2026-03-13 00:52:00,SHORT_SPREAD,5.2,5.2,4.6000000000000005,99.97,SELL,94.9,BUY,4798.5599999999995,4555.200000000001,99.67,BUY,95.2,SELL,0.7857158399999999,28.014284159999725
2026-03-13 00:58:00,2026-03-13 01:11:00,SHORT_SPREAD,5.2,5.2,4.6000000000000005,100.44,SELL,95.43,BUY,4821.12,4580.64,100.14,BUY,95.73,SELL,0.78974784,28.010252159999727
2026-03-13 01:43:00,2026-03-13 05:29:00,SHORT_SPREAD,5.2,5.2,4.6000000000000005,100.63,SELL,95.59,BUY,4830.24,4588.32,100.33,BUY,95.89,SELL,0.7911590399999999,28.008840959999727
2026-03-13 08:47:00,2026-03-13 10:48:00,SHORT_SPREAD,5.2,5.2,4.6000000000000005,101.33,SELL,96.32000000000001,BUY,4863.84,4623.360000000001,101.03,BUY,96.62,SELL,0.7969248,28.003075199999728
2026-03-13 11:15:00,2026-03-13 16:28:00,SHORT_SPREAD,5.2,5.2,4.6000000000000005,100.31,SELL,95.18,BUY,4814.88,4568.64,100.01,BUY,95.48,SELL,0.78821568,28.011784319999727
2026-03-12 22:04:00,2026-03-13 18:11:00,SHORT_SPREAD,4.6,4.6,3.9999999999999996,101.88,SELL,97.4,BUY,4890.24,4675.200000000001,101.58,BUY,97.7,SELL,0.8034969599999999,27.996503039999727
2026-03-13 21:32:00,2026-03-13 23:59:00,SHORT_SPREAD,5.2,5.2,4.6000000000000005,104.19,SELL,99.09,BUY,5001.12,4756.32,103.89,BUY,99.39,SELL,0.8196249600000001,27.98037503999973
2026-03-14 01:59:00,2026-03-14 02:07:00,SHORT_SPREAD,5.2,5.2,4.6000000000000005,104.34,SELL,99.33,BUY,5008.32,4767.84,104.04,BUY,99.63,SELL,0.82119744,27.97880255999973
2026-03-13 18:30:00,2026-03-14 04:00:00,SHORT_SPREAD,4.6,4.6,3.9999999999999996,102.82,SELL,98.34,BUY,4935.36,4720.32,102.52,BUY,98.64,SELL,0.81107712,27.988922879999727
2026-03-14 04:10:00,2026-03-14 04:53:00,SHORT_SPREAD,4.6,4.6,3.9999999999999996,104.18,SELL,99.7,BUY,5000.64,4785.6,103.88000000000001,BUY,100.0,SELL,0.82204416,27.977955839999726
2026-03-14 08:10:00,2026-03-14 09:31:00,SHORT_SPREAD,5.2,5.2,4.6000000000000005,104.97,SELL,99.89,BUY,5038.5599999999995,4794.72,104.67,BUY,100.19,SELL,0.82599552,27.974004479999728
2026-03-14 11:19:00,2026-03-14 11:40:00,SHORT_SPREAD,5.2,5.2,4.6000000000000005,105.17,SELL,100.06,BUY,5048.16,4802.88,104.87,BUY,100.36,SELL,0.8274873599999999,27.972512639999728
2026-03-14 05:45:00,2026-03-14 12:20:00,SHORT_SPREAD,4.6,4.6,3.9999999999999996,103.92,SELL,99.5,BUY,4988.16,4776.0,103.62,BUY,99.8,SELL,0.8201894399999999,27.979810559999727
2026-03-14 15:18:00,2026-03-14 16:18:00,SHORT_SPREAD,5.2,5.2,4.6000000000000005,104.27,SELL,99.2,BUY,5004.96,4761.6,103.97,BUY,99.5,SELL,0.8203910399999998,27.979608959999727
2026-03-14 16:22:00,2026-03-14 16:24:00,SHORT_SPREAD,5.2,5.2,4.6000000000000005,104.88,SELL,99.85000000000001,BUY,5034.24,4792.8,104.58,BUY,100.15,SELL,0.8254713599999999,27.974528639999725
2026-03-14 17:53:00,2026-03-14 19:18:00,SHORT_SPREAD,5.2,5.2,4.6000000000000005,104.88,SELL,99.84,BUY,5034.24,4792.32,104.58,BUY,100.14,SELL,0.82543104,27.974568959999726
2026-03-14 20:01:00,2026-03-14 22:16:00,SHORT_SPREAD,5.2,5.2,4.6000000000000005,105.13,SELL,100.02,BUY,5046.24,4800.96,104.83,BUY,100.32,SELL,0.8271647999999999,27.97283519999973
2026-03-15 00:01:00,2026-03-15 00:48:00,SHORT_SPREAD,5.2,5.2,4.6000000000000005,104.18,SELL,98.95,BUY,5000.64,4749.6,103.88000000000001,BUY,99.25,SELL,0.81902016,27.980979839999726
2026-03-15 01:04:00,2026-03-15 01:48:00,SHORT_SPREAD,5.2,5.2,4.6000000000000005,104.61,SELL,99.54,BUY,5021.28,4777.92,104.31,BUY,99.84,SELL,0.8231328,27.976867199999727
2026-03-15 02:31:00,2026-03-15 02:50:00,SHORT_SPREAD,5.2,5.2,4.6000000000000005,104.0,SELL,98.99000000000001,BUY,4992.0,4751.52,103.7,BUY,99.29,SELL,0.81845568,27.981544319999728
2026-03-15 02:52:00,2026-03-15 03:05:00,SHORT_SPREAD,5.2,5.2,4.6000000000000005,103.67,SELL,98.66,BUY,4976.16,4735.68,103.37,BUY,98.96,SELL,0.8157945600000001,27.984205439999727
2026-03-15 06:21:00,2026-03-15 07:16:00,SHORT_SPREAD,5.2,5.2,4.6000000000000005,104.34,SELL,99.29,BUY,5008.32,4765.92,104.04,BUY,99.59,SELL,0.8210361599999999,27.97896383999973
2026-03-15 13:32:00,2026-03-15 13:41:00,SHORT_SPREAD,5.2,5.2,4.6000000000000005,105.08,SELL,100.08,BUY,5043.84,4803.84,104.78,BUY,100.38,SELL,0.8272051199999999,27.97279487999973
2026-03-14 12:59:00,2026-03-15 14:32:00,SHORT_SPREAD,4.6,4.6,3.9999999999999996,104.34,SELL,99.92,BUY,5008.32,4796.16,104.04,BUY,100.22,SELL,0.8235763199999999,27.976423679999726
2026-03-15 15:52:00,2026-03-15 16:00:00,SHORT_SPREAD,4.6,4.6,3.9999999999999996,105.42,SELL,100.98,BUY,5060.16,4847.04,105.12,BUY,101.28,SELL,0.8322048,27.967795199999728
2026-03-15 16:15:00,2026-03-15 21:52:00,SHORT_SPREAD,4.6,4.6,3.9999999999999996,105.78,SELL,101.13000000000001,BUY,5077.4400000000005,4854.240000000001,105.48,BUY,101.43,SELL,0.8342611200000001,27.965738879999726
2026-03-15 21:53:00,2026-03-15 22:02:00,SHORT_SPREAD,4.6,4.6,3.9999999999999996,105.57,SELL,101.03,BUY,5067.36,4849.4400000000005,105.27,BUY,101.33,SELL,0.8330112000000001,27.966988799999726
2026-03-15 22:13:00,2026-03-15 22:28:00,SHORT_SPREAD,4.6,4.6,3.9999999999999996,104.12,SELL,99.64,BUY,4997.76,4782.72,103.82000000000001,BUY,99.94,SELL,0.82156032,27.978439679999727
2026-03-15 23:58:00,2026-03-15 23:59:00,SHORT_SPREAD,5.2,5.2,4.6000000000000005,102.56,SELL,97.27,BUY,4922.88,4668.96,102.26,BUY,97.57,SELL,0.80571456,27.99428543999973
2026-03-16 00:01:00,2026-03-16 00:21:00,SHORT_SPREAD,5.2,5.2,4.6000000000000005,103.31,SELL,98.15,BUY,4958.88,4711.200000000001,103.01,BUY,98.45,SELL,0.81228672,27.987713279999728
2026-03-16 00:50:00,2026-03-28 08:53:00,SHORT_SPREAD,5.2,5.2,4.6000000000000005,102.67,SELL,97.58,BUY,4928.16,4683.84,102.37,BUY,97.88,SELL,0.8074079999999999,27.99259199999973
2026-03-15 22:48:00,2026-03-28 19:42:00,SHORT_SPREAD,4.6,4.6,3.9999999999999996,103.48,SELL,98.92,BUY,4967.04,4748.16,103.18,BUY,99.22,SELL,0.8160767999999999,27.983923199999726
2026-03-28 09:38:00,2026-03-28 19:42:00,SHORT_SPREAD,5.2,5.2,4.6000000000000005,106.27,SELL,101.13000000000001,BUY,5100.96,4854.240000000001,105.97,BUY,101.43,SELL,0.8362368,27.963763199999725
2026-03-28 19:43:00,2026-03-30 15:56:00,SHORT_SPREAD,5.2,5.2,4.6000000000000005,106.49,SELL,101.24000000000001,BUY,5111.5199999999995,4859.52,106.19,BUY,101.54,SELL,0.83756736,27.962432639999726
2026-03-28 19:43:00,2026-03-30 19:09:00,SHORT_SPREAD,4.6,4.6,3.9999999999999996,106.49,SELL,101.24000000000001,BUY,5111.5199999999995,4859.52,106.19,BUY,101.54,SELL,0.83756736,27.962432639999726
2026-03-12 00:00:00,2026-03-30 20:46:00,SHORT_SPREAD,4.0,4.0,3.4,96.96,SELL,92.89,BUY,4654.08,4458.72,96.66,BUY,93.19,SELL,0.7654752,28.034524799999726
2026-03-31 00:57:00,2026-03-31 01:33:00,SHORT_SPREAD,4.0,4.0,3.4,108.29,SELL,104.45,BUY,5197.92,5013.6,107.99000000000001,BUY,104.75,SELL,0.85776768,27.94223231999973
2026-03-31 01:39:00,2026-03-31 10:18:00,SHORT_SPREAD,4.0,4.0,3.4,105.34,SELL,101.51,BUY,5056.32,4872.4800000000005,105.04,BUY,101.81,SELL,0.8340192,27.965980799999727
2026-03-31 10:47:00,2026-03-31 11:02:00,LONG_SPREAD,2.8,2.8,3.4,107.45,BUY,104.45,SELL,5157.6,5013.6,107.75,SELL,104.15,BUY,0.8543808,27.945619199999726
2026-03-31 12:32:00,2026-03-31 13:06:00,SHORT_SPREAD,4.6,4.6,3.9999999999999996,107.4,SELL,102.99000000000001,BUY,5155.200000000001,4943.52,107.10000000000001,BUY,103.29,SELL,0.84829248,27.951707519999726
2026-03-31 11:33:00,2026-03-31 14:51:00,SHORT_SPREAD,4.0,4.0,3.4,107.91,SELL,104.10000000000001,BUY,5179.68,4996.8,107.61,BUY,104.4,SELL,0.8548243200000001,27.94517567999973
2026-03-31 23:51:00,2026-04-01 00:40:00,LONG_SPREAD,1.6,1.6,2.2,103.43,BUY,101.64,SELL,4964.64,4878.72,103.73,SELL,101.34,BUY,0.82684224,27.973157759999726
2026-04-01 05:08:00,2026-04-01 07:34:00,LONG_SPREAD,1.6,1.6,2.2,104.11,BUY,102.32,SELL,4997.28,4911.36,104.41,SELL,102.02,BUY,0.83232576,27.967674239999727
2026-04-01 17:05:00,2026-04-02 01:20:00,LONG_SPREAD,1.6,1.6,2.2,101.16,BUY,99.36,SELL,4855.68,4769.28,101.46,SELL,99.06,BUY,0.80849664,27.991503359999726
2026-04-02 12:36:00,2026-04-06 02:21:00,LONG_SPREAD,-1.4,-1.4,-0.7999999999999999,108.97,BUY,110.59,SELL,5230.5599999999995,5308.32,109.27,SELL,110.29,BUY,0.8852659199999999,27.91473407999973
